id,owner,name,html_url,clone_url,,is target repo?,has PR template,pull_request_template paths
11730342,vuejs,vue,https://github.com/vuejs/vue,https://github.com/vuejs/vue.git,https://github.com/vuejs/vue,O,O,.github/PULL_REQUEST_TEMPLATE.md
10270250,facebook,react,https://github.com/facebook/react,https://github.com/facebook/react.git,https://github.com/facebook/react,O,O,.github/PULL_REQUEST_TEMPLATE.md
2126244,twbs,bootstrap,https://github.com/twbs/bootstrap,https://github.com/twbs/bootstrap.git,https://github.com/twbs/bootstrap,O,O,.github/PULL_REQUEST_TEMPLATE.md
41881900,microsoft,vscode,https://github.com/microsoft/vscode,https://github.com/microsoft/vscode.git,https://github.com/microsoft/vscode,O,O,.github/pull_request_template.md
29028775,facebook,react-native,https://github.com/facebook/react-native,https://github.com/facebook/react-native.git,https://github.com/facebook/react-native,O,O,.github/PULL_REQUEST_TEMPLATE.md
1039520,ytdl-org,youtube-dl,https://github.com/ytdl-org/youtube-dl,https://github.com/ytdl-org/youtube-dl.git,https://github.com/ytdl-org/youtube-dl,O,O,.github/PULL_REQUEST_TEMPLATE.md
9384267,electron,electron,https://github.com/electron/electron,https://github.com/electron/electron.git,https://github.com/electron/electron,O,O,.github/PULL_REQUEST_TEMPLATE.md
63537249,facebook,create-react-app,https://github.com/facebook/create-react-app,https://github.com/facebook/create-react-app.git,https://github.com/facebook/create-react-app,O,O,.github/PULL_REQUEST_TEMPLATE.md
23088740,axios,axios,https://github.com/axios/axios,https://github.com/axios/axios.git,https://github.com/axios/axios,O,O,.github/PULL_REQUEST_TEMPLATE.md
100060912,microsoft,terminal,https://github.com/microsoft/terminal,https://github.com/microsoft/terminal.git,https://github.com/microsoft/terminal,O,O,.github/PULL_REQUEST_TEMPLATE.md
24195339,angular,angular,https://github.com/angular/angular,https://github.com/angular/angular.git,https://github.com/angular/angular,O,O,.github/PULL_REQUEST_TEMPLATE.md
90796663,puppeteer,puppeteer,https://github.com/puppeteer/puppeteer,https://github.com/puppeteer/puppeteer.git,https://github.com/puppeteer/puppeteer,O,O,.github/PULL_REQUEST_TEMPLATE.md
51117837,tensorflow,models,https://github.com/tensorflow/models,https://github.com/tensorflow/models.git,https://github.com/tensorflow/models,O,O,.github/PULL_REQUEST_TEMPLATE.md
20929025,microsoft,TypeScript,https://github.com/microsoft/TypeScript,https://github.com/microsoft/TypeScript.git,https://github.com/microsoft/TypeScript,O,O,.github/pull_request_template.md
576201,mrdoob,three.js,https://github.com/mrdoob/three.js,https://github.com/mrdoob/three.js.git,https://github.com/mrdoob/three.js,O,O,.github/pull_request_template.md
70107786,vercel,next.js,https://github.com/vercel/next.js,https://github.com/vercel/next.js.git,https://github.com/vercel/next.js,O,O,.github/pull_request_template.md
460078,angular,angular.js,https://github.com/angular/angular.js,https://github.com/angular/angular.js.git,https://github.com/angular/angular.js,O,O,.github/PULL_REQUEST_TEMPLATE.md
3678731,webpack,webpack,https://github.com/webpack/webpack,https://github.com/webpack/webpack.git,https://github.com/webpack/webpack,O,O,.github/PULL_REQUEST_TEMPLATE.md
4164482,django,django,https://github.com/django/django,https://github.com/django/django.git,https://github.com/django/django,O,O,.github/pull_request_template.md
36535156,reduxjs,redux,https://github.com/reduxjs/redux,https://github.com/reduxjs/redux.git,https://github.com/reduxjs/redux,O,O,.github/PULL_REQUEST_TEMPLATE.md;.github/PULL_REQUEST_TEMPLATE/bugfix.md;.github/PULL_REQUEST_TEMPLATE/documentation-edit.md;.github/PULL_REQUEST_TEMPLATE/documentation-new.md
44838949,swiftlang,swift,https://github.com/swiftlang/swift,https://github.com/swiftlang/swift.git,https://github.com/swiftlang/swift,O,O,.github/pull_request_template.md
167174,jquery,jquery,https://github.com/jquery/jquery,https://github.com/jquery/jquery.git,https://github.com/jquery/jquery,O,O,.github/PULL_REQUEST_TEMPLATE.md
596892,pallets,flask,https://github.com/pallets/flask,https://github.com/pallets/flask.git,https://github.com/pallets/flask,O,O,.github/pull_request_template.md
507775,elastic,elasticsearch,https://github.com/elastic/elasticsearch,https://github.com/elastic/elasticsearch.git,https://github.com/elastic/elasticsearch,O,O,.github/PULL_REQUEST_TEMPLATE.md
6296790,spring-projects,spring-boot,https://github.com/spring-projects/spring-boot,https://github.com/spring-projects/spring-boot.git,https://github.com/spring-projects/spring-boot,O,O,.github/PULL_REQUEST_TEMPLATE.md
557980,socketio,socket.io,https://github.com/socketio/socket.io,https://github.com/socketio/socket.io.git,https://github.com/socketio/socket.io,O,O,.github/PULL_REQUEST_TEMPLATE.md
5108051,opencv,opencv,https://github.com/opencv/opencv,https://github.com/opencv/opencv.git,https://github.com/opencv/opencv,O,O,.github/PULL_REQUEST_TEMPLATE.md
8843683,chartjs,Chart.js,https://github.com/chartjs/Chart.js,https://github.com/chartjs/Chart.js.git,https://github.com/chartjs/Chart.js,O,O,.github/PULL_REQUEST_TEMPLATE.md
10744183,netdata,netdata,https://github.com/netdata/netdata,https://github.com/netdata/netdata.git,https://github.com/netdata/netdata,O,O,.github/PULL_REQUEST_TEMPLATE.md
184456251,microsoft,PowerToys,https://github.com/microsoft/PowerToys,https://github.com/microsoft/PowerToys.git,https://github.com/microsoft/PowerToys,O,O,.github/pull_request_template.md
486550,h5bp,html5-boilerplate,https://github.com/h5bp/html5-boilerplate,https://github.com/h5bp/html5-boilerplate.git,https://github.com/h5bp/html5-boilerplate,O,O,.github/PULL_REQUEST_TEMPLATE.md
36040894,gatsbyjs,gatsby,https://github.com/gatsbyjs/gatsby,https://github.com/gatsbyjs/gatsby.git,https://github.com/gatsbyjs/gatsby,O,O,.github/PULL_REQUEST_TEMPLATE.md
9309093,Semantic-Org,Semantic-UI,https://github.com/Semantic-Org/Semantic-UI,https://github.com/Semantic-Org/Semantic-UI.git,https://github.com/Semantic-Org/Semantic-UI,O,O,.github/PULL_REQUEST_TEMPLATE.md
3638964,ansible,ansible,https://github.com/ansible/ansible,https://github.com/ansible/ansible.git,https://github.com/ansible/ansible,O,O,.github/PULL_REQUEST_TEMPLATE/PULL_REQUEST_TEMPLATE.md;.github/PULL_REQUEST_TEMPLATE/Bug fix.md;.github/PULL_REQUEST_TEMPLATE/Documentation change.md;.github/PULL_REQUEST_TEMPLATE/New feature.md;.github/PULL_REQUEST_TEMPLATE/Tests.md;.github/PULL_REQUEST_TEMPLATE/Unclear purpose or motivation.md
65600975,pytorch,pytorch,https://github.com/pytorch/pytorch,https://github.com/pytorch/pytorch.git,https://github.com/pytorch/pytorch,O,O,.github/PULL_REQUEST_TEMPLATE.md
9185792,apache,echarts,https://github.com/apache/echarts,https://github.com/apache/echarts.git,https://github.com/apache/echarts,O,O,.github/pull_request_template.md
74293321,sveltejs,svelte,https://github.com/sveltejs/svelte,https://github.com/sveltejs/svelte.git,https://github.com/sveltejs/svelte,O,O,.github/PULL_REQUEST_TEMPLATE.md
843222,scikit-learn,scikit-learn,https://github.com/scikit-learn/scikit-learn,https://github.com/scikit-learn/scikit-learn.git,https://github.com/scikit-learn/scikit-learn,O,O,.github/PULL_REQUEST_TEMPLATE.md
7508411,ReactiveX,RxJava,https://github.com/ReactiveX/RxJava,https://github.com/ReactiveX/RxJava.git,https://github.com/ReactiveX/RxJava,O,O,.github/PULL_REQUEST_TEMPLATE.md
12256376,ionic-team,ionic-framework,https://github.com/ionic-team/ionic-framework,https://github.com/ionic-team/ionic-framework.git,https://github.com/ionic-team/ionic-framework,O,O,.github/PULL_REQUEST_TEMPLATE.md
3214406,meteor,meteor,https://github.com/meteor/meteor,https://github.com/meteor/meteor.git,https://github.com/meteor/meteor,O,O,.github/PULL_REQUEST_TEMPLATE.md
155220641,huggingface,transformers,https://github.com/huggingface/transformers,https://github.com/huggingface/transformers.git,https://github.com/huggingface/transformers,O,O,.github/PULL_REQUEST_TEMPLATE.md
172953845,coder,code-server,https://github.com/coder/code-server,https://github.com/coder/code-server.git,https://github.com/coder/code-server,O,O,.github/PULL_REQUEST_TEMPLATE.md
20300177,google,guava,https://github.com/google/guava,https://github.com/google/guava.git,https://github.com/google/guava,O,O,.github/pull_request_template.md
15111821,grafana,grafana,https://github.com/grafana/grafana,https://github.com/grafana/grafana.git,https://github.com/grafana/grafana,O,O,.github/PULL_REQUEST_TEMPLATE.md
49970642,yarnpkg,yarn,https://github.com/yarnpkg/yarn,https://github.com/yarnpkg/yarn.git,https://github.com/yarnpkg/yarn,O,O,.github/PULL_REQUEST_TEMPLATE.md
75104123,prettier,prettier,https://github.com/prettier/prettier,https://github.com/prettier/prettier.git,https://github.com/prettier/prettier,O,O,.github/PULL_REQUEST_TEMPLATE.md
34302698,serverless,serverless,https://github.com/serverless/serverless,https://github.com/serverless/serverless.git,https://github.com/serverless/serverless,O,O,.github/PULL_REQUEST_TEMPLATE.md
24560307,babel,babel,https://github.com/babel/babel,https://github.com/babel/babel.git,https://github.com/babel/babel,O,O,.github/PULL_REQUEST_TEMPLATE.md
23974149,Dogfalo,materialize,https://github.com/Dogfalo/materialize,https://github.com/Dogfalo/materialize.git,https://github.com/Dogfalo/materialize,O,O,.github/PULL_REQUEST_TEMPLATE.md
99598595,parcel-bundler,parcel,https://github.com/parcel-bundler/parcel,https://github.com/parcel-bundler/parcel.git,https://github.com/parcel-bundler/parcel,O,O,.github/PULL_REQUEST_TEMPLATE.md
892275,square,retrofit,https://github.com/square/retrofit,https://github.com/square/retrofit.git,https://github.com/square/retrofit,O,O,.github/pull_request_template.md
15634981,godotengine,godot,https://github.com/godotengine/godot,https://github.com/godotengine/godot.git,https://github.com/godotengine/godot,O,O,.github/PULL_REQUEST_TEMPLATE.md
81598961,python,cpython,https://github.com/python/cpython,https://github.com/python/cpython.git,https://github.com/python/cpython,O,O,.github/PULL_REQUEST_TEMPLATE.md
9852918,TryGhost,Ghost,https://github.com/TryGhost/Ghost,https://github.com/TryGhost/Ghost.git,https://github.com/TryGhost/Ghost,O,O,.github/PULL_REQUEST_TEMPLATE.md
36502,git,git,https://github.com/git/git,https://github.com/git/git.git,https://github.com/git/git,O,O,.github/PULL_REQUEST_TEMPLATE.md
39464018,apache,superset,https://github.com/apache/superset,https://github.com/apache/superset.git,https://github.com/apache/superset,O,O,.github/PULL_REQUEST_TEMPLATE.md
62367558,vercel,hyper,https://github.com/vercel/hyper,https://github.com/vercel/hyper.git,https://github.com/vercel/hyper,O,O,.github/pull_request_template.md
22458259,Alamofire,Alamofire,https://github.com/Alamofire/Alamofire,https://github.com/Alamofire/Alamofire.git,https://github.com/Alamofire/Alamofire,O,O,.github/PULL_REQUEST_TEMPLATE.md
4710920,apache,dubbo,https://github.com/apache/dubbo,https://github.com/apache/dubbo.git,https://github.com/apache/dubbo,O,O,.github/PULL_REQUEST_TEMPLATE.md
80945428,nestjs,nest,https://github.com/nestjs/nest,https://github.com/nestjs/nest.git,https://github.com/nestjs/nest,O,O,.github/PULL_REQUEST_TEMPLATE.md
26066727,mermaid-js,mermaid,https://github.com/mermaid-js/mermaid,https://github.com/mermaid-js/mermaid.git,https://github.com/mermaid-js/mermaid,O,O,.github/pull_request_template.md
15062869,jestjs,jest,https://github.com/jestjs/jest,https://github.com/jestjs/jest.git,https://github.com/jestjs/jest,O,O,.github/PULL_REQUEST_TEMPLATE.md
10187082,Unitech,pm2,https://github.com/Unitech/pm2,https://github.com/Unitech/pm2.git,https://github.com/Unitech/pm2,O,O,.github/PULL_REQUEST_TEMPLATE.md
43441403,strapi,strapi,https://github.com/strapi/strapi,https://github.com/strapi/strapi.git,https://github.com/strapi/strapi,O,O,.github/PULL_REQUEST_TEMPLATE.md
71995937,nuxt,nuxt,https://github.com/nuxt/nuxt,https://github.com/nuxt/nuxt.git,https://github.com/nuxt/nuxt,O,O,.github/PULL_REQUEST_TEMPLATE.md
1828795,AFNetworking,AFNetworking,https://github.com/AFNetworking/AFNetworking,https://github.com/AFNetworking/AFNetworking.git,https://github.com/AFNetworking/AFNetworking,O,O,.github/pull_request_template.md
19148949,PhilJay,MPAndroidChart,https://github.com/PhilJay/MPAndroidChart,https://github.com/PhilJay/MPAndroidChart.git,https://github.com/PhilJay/MPAndroidChart,O,O,.github/PULL_REQUEST_TEMPLATE.md
5923215,hexojs,hexo,https://github.com/hexojs/hexo,https://github.com/hexojs/hexo.git,https://github.com/hexojs/hexo,O,O,.github/PULL_REQUEST_TEMPLATE.md
7741856,pixijs,pixijs,https://github.com/pixijs/pixijs,https://github.com/pixijs/pixijs.git,https://github.com/pixijs/pixijs,O,O,.github/PULL_REQUEST_TEMPLATE.md
6093316,DefinitelyTyped,DefinitelyTyped,https://github.com/DefinitelyTyped/DefinitelyTyped,https://github.com/DefinitelyTyped/DefinitelyTyped.git,https://github.com/DefinitelyTyped/DefinitelyTyped,O,O,.github/PULL_REQUEST_TEMPLATE.md
12972263,alvarotrigo,fullPage.js,https://github.com/alvarotrigo/fullPage.js,https://github.com/alvarotrigo/fullPage.js.git,https://github.com/alvarotrigo/fullPage.js,O,O,.github/PULL_REQUEST_TEMPLATE.md
32689863,3b1b,manim,https://github.com/3b1b/manim,https://github.com/3b1b/manim.git,https://github.com/3b1b/manim,O,O,.github/PULL_REQUEST_TEMPLATE.md
667006,videojs,video.js,https://github.com/videojs/video.js,https://github.com/videojs/video.js.git,https://github.com/videojs/video.js,O,O,.github/PULL_REQUEST_TEMPLATE.md
11267509,bumptech,glide,https://github.com/bumptech/glide,https://github.com/bumptech/glide.git,https://github.com/bumptech/glide,O,O,PULL_REQUEST_TEMPLATE.md
42751014,zenorocha,clipboard.js,https://github.com/zenorocha/clipboard.js,https://github.com/zenorocha/clipboard.js.git,https://github.com/zenorocha/clipboard.js,O,O,.github/PULL_REQUEST_TEMPLATE.md
35866694,RocketChat,Rocket.Chat,https://github.com/RocketChat/Rocket.Chat,https://github.com/RocketChat/Rocket.Chat.git,https://github.com/RocketChat/Rocket.Chat,O,O,.github/PULL_REQUEST_TEMPLATE.md
67962648,vuetifyjs,vuetify,https://github.com/vuetifyjs/vuetify,https://github.com/vuetifyjs/vuetify.git,https://github.com/vuetifyjs/vuetify,O,O,.github/PULL_REQUEST_TEMPLATE.md
27729880,grpc,grpc,https://github.com/grpc/grpc,https://github.com/grpc/grpc.git,https://github.com/grpc/grpc,O,O,.github/pull_request_template.md
9393759,phaserjs,phaser,https://github.com/phaserjs/phaser,https://github.com/phaserjs/phaser.git,https://github.com/phaserjs/phaser,O,O,.github/PULL_REQUEST_TEMPLATE.md
71948498,localstack,localstack,https://github.com/localstack/localstack,https://github.com/localstack/localstack.git,https://github.com/localstack/localstack,O,O,.github/PULL_REQUEST_TEMPLATE.md
858127,pandas-dev,pandas,https://github.com/pandas-dev/pandas,https://github.com/pandas-dev/pandas.git,https://github.com/pandas-dev/pandas,O,O,.github/PULL_REQUEST_TEMPLATE.md
22067521,ocornut,imgui,https://github.com/ocornut/imgui,https://github.com/ocornut/imgui.git,https://github.com/ocornut/imgui,O,O,.github/pull_request_template.md
31629751,cypress-io,cypress,https://github.com/cypress-io/cypress,https://github.com/cypress-io/cypress.git,https://github.com/cypress-io/cypress,O,O,.github/PULL_REQUEST_TEMPLATE.md
26516210,certbot,certbot,https://github.com/certbot/certbot,https://github.com/certbot/certbot.git,https://github.com/certbot/certbot,O,O,.github/pull_request_template.md
48626335,vuejs,vue-cli,https://github.com/vuejs/vue-cli,https://github.com/vuejs/vue-cli.git,https://github.com/vuejs/vue-cli,O,O,.github/PULL_REQUEST_TEMPLATE.md
873328,getsentry,sentry,https://github.com/getsentry/sentry,https://github.com/getsentry/sentry.git,https://github.com/getsentry/sentry,O,O,.github/PULL_REQUEST_TEMPLATE.md
30969188,react-boilerplate,react-boilerplate,https://github.com/react-boilerplate/react-boilerplate,https://github.com/react-boilerplate/react-boilerplate.git,https://github.com/react-boilerplate/react-boilerplate,O,O,.github/PULL_REQUEST_TEMPLATE.md
47394776,lerna,lerna,https://github.com/lerna/lerna,https://github.com/lerna/lerna.git,https://github.com/lerna/lerna,O,O,.github/PULL_REQUEST_TEMPLATE.md
94498635,carbon-app,carbon,https://github.com/carbon-app/carbon,https://github.com/carbon-app/carbon.git,https://github.com/carbon-app/carbon,O,O,.github/PULL_REQUEST_TEMPLATE.md
76838017,iina,iina,https://github.com/iina/iina,https://github.com/iina/iina.git,https://github.com/iina/iina,O,O,.github/PULL_REQUEST_TEMPLATE.md
3721224,nolimits4web,swiper,https://github.com/nolimits4web/swiper,https://github.com/nolimits4web/swiper.git,https://github.com/nolimits4web/swiper,O,O,.github/PULL_REQUEST_TEMPLATE.md
1064563,netty,netty,https://github.com/netty/netty,https://github.com/netty/netty.git,https://github.com/netty/netty,O,O,.github/PULL_REQUEST_TEMPLATE.md
8859474,skylot,jadx,https://github.com/skylot/jadx,https://github.com/skylot/jadx.git,https://github.com/skylot/jadx,O,O,.github/pull_request_template.md
162279822,agalwood,Motrix,https://github.com/agalwood/Motrix,https://github.com/agalwood/Motrix.git,https://github.com/agalwood/Motrix,O,O,.github/PULL_REQUEST_TEMPLATE.md
1283503,request,request,https://github.com/request/request,https://github.com/request/request.git,https://github.com/request/request,O,O,.github/PULL_REQUEST_TEMPLATE.md
3620194,select2,select2,https://github.com/select2/select2,https://github.com/select2/select2.git,https://github.com/select2/select2,O,O,.github/PULL_REQUEST_TEMPLATE.md
49609581,PowerShell,PowerShell,https://github.com/PowerShell/PowerShell,https://github.com/PowerShell/PowerShell.git,https://github.com/PowerShell/PowerShell,O,O,.github/PULL_REQUEST_TEMPLATE.md
6452529,rethinkdb,rethinkdb,https://github.com/rethinkdb/rethinkdb,https://github.com/rethinkdb/rethinkdb.git,https://github.com/rethinkdb/rethinkdb,O,O,.github/PULL_REQUEST_TEMPLATE
2096579,markedjs,marked,https://github.com/markedjs/marked,https://github.com/markedjs/marked.git,https://github.com/markedjs/marked,O,O,.github/PULL_REQUEST_TEMPLATE.md
50447720,kodecocodes,swift-algorithm-club,https://github.com/kodecocodes/swift-algorithm-club,https://github.com/kodecocodes/swift-algorithm-club.git,https://github.com/kodecocodes/swift-algorithm-club,O,O,.github/PULL_REQUEST_TEMPLATE.md
36891867,angular,angular-cli,https://github.com/angular/angular-cli,https://github.com/angular/angular-cli.git,https://github.com/angular/angular-cli,O,O,.github/PULL_REQUEST_TEMPLATE.md
32247847,ReactiveX,rxjs,https://github.com/ReactiveX/rxjs,https://github.com/ReactiveX/rxjs.git,https://github.com/ReactiveX/rxjs,O,O,.github/PULL_REQUEST_TEMPLATE.md
32578467,ChartsOrg,Charts,https://github.com/ChartsOrg/Charts,https://github.com/ChartsOrg/Charts.git,https://github.com/ChartsOrg/Charts,O,O,.github/PULL_REQUEST_TEMPLATE.md
53127403,apolloconfig,apollo,https://github.com/apolloconfig/apollo,https://github.com/apolloconfig/apollo.git,https://github.com/apolloconfig/apollo,O,O,.github/PULL_REQUEST_TEMPLATE.md
790359,sequelize,sequelize,https://github.com/sequelize/sequelize,https://github.com/sequelize/sequelize.git,https://github.com/sequelize/sequelize,O,O,.github/PULL_REQUEST_TEMPLATE.md
220809393,Textualize,rich,https://github.com/Textualize/rich,https://github.com/Textualize/rich.git,https://github.com/Textualize/rich,O,O,.github/pull_request_template.md
57222302,openai,gym,https://github.com/openai/gym,https://github.com/openai/gym.git,https://github.com/openai/gym,O,O,.github/PULL_REQUEST_TEMPLATE.md
313419,SDWebImage,SDWebImage,https://github.com/SDWebImage/SDWebImage,https://github.com/SDWebImage/SDWebImage.git,https://github.com/SDWebImage/SDWebImage,O,O,.github/PULL_REQUEST_TEMPLATE.md
32215970,mobxjs,mobx,https://github.com/mobxjs/mobx,https://github.com/mobxjs/mobx.git,https://github.com/mobxjs/mobx,O,O,.github/PULL_REQUEST_TEMPLATE.md
52773157,typeorm,typeorm,https://github.com/typeorm/typeorm,https://github.com/typeorm/typeorm.git,https://github.com/typeorm/typeorm,O,O,.github/PULL_REQUEST_TEMPLATE.md
11171548,nlohmann,json,https://github.com/nlohmann/json,https://github.com/nlohmann/json.git,https://github.com/nlohmann/json,O,O,.github/PULL_REQUEST_TEMPLATE.md
2056312,niklasvh,html2canvas,https://github.com/niklasvh/html2canvas,https://github.com/niklasvh/html2canvas.git,https://github.com/niklasvh/html2canvas,O,O,.github/PULL_REQUEST_TEMPLATE.md
1028340,ajaxorg,ace,https://github.com/ajaxorg/ace,https://github.com/ajaxorg/ace.git,https://github.com/ajaxorg/ace,O,O,.github/PULL_REQUEST_TEMPLATE.md
74627617,commaai,openpilot,https://github.com/commaai/openpilot,https://github.com/commaai/openpilot.git,https://github.com/commaai/openpilot,O,O,.github/pull_request_template.md
4037197,ycm-core,YouCompleteMe,https://github.com/ycm-core/YouCompleteMe,https://github.com/ycm-core/YouCompleteMe.git,https://github.com/ycm-core/YouCompleteMe,O,O,.github/PULL_REQUEST_TEMPLATE.md
597879,Automattic,mongoose,https://github.com/Automattic/mongoose,https://github.com/Automattic/mongoose.git,https://github.com/Automattic/mongoose,O,O,.github/PULL_REQUEST_TEMPLATE.md
59652928,akveo,ngx-admin,https://github.com/akveo/ngx-admin,https://github.com/akveo/ngx-admin.git,https://github.com/akveo/ngx-admin,O,O,.github/PULL_REQUEST_TEMPLATE.md
1254497,codemirror,codemirror5,https://github.com/codemirror/codemirror5,https://github.com/codemirror/codemirror5.git,https://github.com/codemirror/codemirror5,O,O,.github/PULL_REQUEST_TEMPLATE.md
135786093,typescript-cheatsheets,react,https://github.com/typescript-cheatsheets/react,https://github.com/typescript-cheatsheets/react.git,https://github.com/typescript-cheatsheets/react,O,O,.github/pull_request_template.md
15045751,docker,compose,https://github.com/docker/compose,https://github.com/docker/compose.git,https://github.com/docker/compose,O,O,.github/PULL_REQUEST_TEMPLATE.md
94911145,facebook,docusaurus,https://github.com/facebook/docusaurus,https://github.com/facebook/docusaurus.git,https://github.com/facebook/docusaurus,O,O,.github/PULL_REQUEST_TEMPLATE.md
3757512,balderdashy,sails,https://github.com/balderdashy/sails,https://github.com/balderdashy/sails.git,https://github.com/balderdashy/sails,O,O,.github/PULL_REQUEST_TEMPLATE
53370988,GoogleChrome,lighthouse,https://github.com/GoogleChrome/lighthouse,https://github.com/GoogleChrome/lighthouse.git,https://github.com/GoogleChrome/lighthouse,O,O,.github/PULL_REQUEST_TEMPLATE.md
519832,mitmproxy,mitmproxy,https://github.com/mitmproxy/mitmproxy,https://github.com/mitmproxy/mitmproxy.git,https://github.com/mitmproxy/mitmproxy,O,O,.github/pull_request_template.md
79510167,pypa,pipenv,https://github.com/pypa/pipenv,https://github.com/pypa/pipenv.git,https://github.com/pypa/pipenv,O,O,.github/PULL_REQUEST_TEMPLATE.md
9603240,pure-css,pure,https://github.com/pure-css/pure,https://github.com/pure-css/pure.git,https://github.com/pure-css/pure,O,O,.github/PULL_REQUEST_TEMPLATE.md
55886798,CymChad,BaseRecyclerViewAdapterHelper,https://github.com/CymChad/BaseRecyclerViewAdapterHelper,https://github.com/CymChad/BaseRecyclerViewAdapterHelper.git,https://github.com/CymChad/BaseRecyclerViewAdapterHelper,O,O,.github/pull_request_template.md
402046,parallax,jsPDF,https://github.com/parallax/jsPDF,https://github.com/parallax/jsPDF.git,https://github.com/parallax/jsPDF,O,O,.github/pull_request_template.md
47071941,redux-saga,redux-saga,https://github.com/redux-saga/redux-saga,https://github.com/redux-saga/redux-saga.git,https://github.com/redux-saga/redux-saga,O,O,.github/PULL_REQUEST_TEMPLATE.md
17620347,dotnet,aspnetcore,https://github.com/dotnet/aspnetcore,https://github.com/dotnet/aspnetcore.git,https://github.com/dotnet/aspnetcore,O,O,.github/pull_request_template.md;.github/PULL_REQUEST_TEMPLATE/servicing.md
79162682,laurent22,joplin,https://github.com/laurent22/joplin,https://github.com/laurent22/joplin.git,https://github.com/laurent22/joplin,O,O,.github/PULL_REQUEST_TEMPLATE
168008797,microsoft,calculator,https://github.com/microsoft/calculator,https://github.com/microsoft/calculator.git,https://github.com/microsoft/calculator,O,O,.github/pull_request_template.md
45431898,bvaughn,react-virtualized,https://github.com/bvaughn/react-virtualized,https://github.com/bvaughn/react-virtualized.git,https://github.com/bvaughn/react-virtualized,O,O,.github/PULL_REQUEST_TEMPLATE.md
19620844,ovity,octotree,https://github.com/ovity/octotree,https://github.com/ovity/octotree.git,https://github.com/ovity/octotree,O,O,.github/PULL_REQUEST_TEMPLATE.md
19745004,odoo,odoo,https://github.com/odoo/odoo,https://github.com/odoo/odoo.git,https://github.com/odoo/odoo,O,O,.github/PULL_REQUEST_TEMPLATE.md
85031442,poteto,hiring-without-whiteboards,https://github.com/poteto/hiring-without-whiteboards,https://github.com/poteto/hiring-without-whiteboards.git,https://github.com/poteto/hiring-without-whiteboards,O,O,.github/PULL_REQUEST_TEMPLATE.md
20965586,SwiftyJSON,SwiftyJSON,https://github.com/SwiftyJSON/SwiftyJSON,https://github.com/SwiftyJSON/SwiftyJSON.git,https://github.com/SwiftyJSON/SwiftyJSON,O,O,.github/PULL_REQUEST_TEMPLATE
1451352,mochajs,mocha,https://github.com/mochajs/mocha,https://github.com/mochajs/mocha.git,https://github.com/mochajs/mocha,O,O,.github/PULL_REQUEST_TEMPLATE.md
17372733,OAI,OpenAPI-Specification,https://github.com/OAI/OpenAPI-Specification,https://github.com/OAI/OpenAPI-Specification.git,https://github.com/OAI/OpenAPI-Specification,O,O,.github/pull_request_template.md
67709808,react-native-elements,react-native-elements,https://github.com/react-native-elements/react-native-elements,https://github.com/react-native-elements/react-native-elements.git,https://github.com/react-native-elements/react-native-elements,O,O,.github/PULL_REQUEST_TEMPLATE.md
7613257,SeleniumHQ,selenium,https://github.com/SeleniumHQ/selenium,https://github.com/SeleniumHQ/selenium.git,https://github.com/SeleniumHQ/selenium,O,O,.github/PULL_REQUEST_TEMPLATE.md
3606624,ReactiveCocoa,ReactiveCocoa,https://github.com/ReactiveCocoa/ReactiveCocoa,https://github.com/ReactiveCocoa/ReactiveCocoa.git,https://github.com/ReactiveCocoa/ReactiveCocoa,O,O,.github/PULL_REQUEST_TEMPLATE.md
2990192,signalapp,Signal-Android,https://github.com/signalapp/Signal-Android,https://github.com/signalapp/Signal-Android.git,https://github.com/signalapp/Signal-Android,O,O,.github/PULL_REQUEST_TEMPLATE.md
154950925,streamich,react-use,https://github.com/streamich/react-use,https://github.com/streamich/react-use.git,https://github.com/streamich/react-use,O,O,.github/PULL_REQUEST_TEMPLATE.md
61412022,ianstormtaylor,slate,https://github.com/ianstormtaylor/slate,https://github.com/ianstormtaylor/slate.git,https://github.com/ianstormtaylor/slate,O,O,.github/PULL_REQUEST_TEMPLATE.md
125596489,doczjs,docz,https://github.com/doczjs/docz,https://github.com/doczjs/docz.git,https://github.com/doczjs/docz,O,O,.github/PULL_REQUEST_TEMPLATE.md
23141830,paularmstrong,normalizr,https://github.com/paularmstrong/normalizr,https://github.com/paularmstrong/normalizr.git,https://github.com/paularmstrong/normalizr,O,O,.github/PULL_REQUEST_TEMPLATE.md
52113921,facebookarchive,draft-js,https://github.com/facebookarchive/draft-js,https://github.com/facebookarchive/draft-js.git,https://github.com/facebookarchive/draft-js,O,O,.github/PULL_REQUEST_TEMPLATE.md
2206953,tj,commander.js,https://github.com/tj/commander.js,https://github.com/tj/commander.js.git,https://github.com/tj/commander.js,O,O,.github/PULL_REQUEST_TEMPLATE.md
31492490,NativeScript,NativeScript,https://github.com/NativeScript/NativeScript,https://github.com/NativeScript/NativeScript.git,https://github.com/NativeScript/NativeScript,O,O,.github/PULL_REQUEST_TEMPLATE.md
35640229,rollup,rollup,https://github.com/rollup/rollup,https://github.com/rollup/rollup.git,https://github.com/rollup/rollup,O,O,.github/PULL_REQUEST_TEMPLATE.md
125266328,psf,black,https://github.com/psf/black,https://github.com/psf/black.git,https://github.com/psf/black,O,O,.github/PULL_REQUEST_TEMPLATE.md
21467110,explosion,spaCy,https://github.com/explosion/spaCy,https://github.com/explosion/spaCy.git,https://github.com/explosion/spaCy,O,O,.github/PULL_REQUEST_TEMPLATE.md
2055965,swagger-api,swagger-ui,https://github.com/swagger-api/swagger-ui,https://github.com/swagger-api/swagger-ui.git,https://github.com/swagger-api/swagger-ui,O,O,.github/pull_request_template.md
124257233,pmndrs,react-spring,https://github.com/pmndrs/react-spring,https://github.com/pmndrs/react-spring.git,https://github.com/pmndrs/react-spring,O,O,.github/PULL_REQUEST_TEMPLATE.md
257485422,vitejs,vite,https://github.com/vitejs/vite,https://github.com/vitejs/vite.git,https://github.com/vitejs/vite,O,O,.github/PULL_REQUEST_TEMPLATE.md
24579238,vuejs,devtools-v6,https://github.com/vuejs/devtools-v6,https://github.com/vuejs/devtools-v6.git,https://github.com/vuejs/devtools-v6,O,O,.github/PULL_REQUEST_TEMPLATE.md
15975439,jlmakes,scrollreveal,https://github.com/jlmakes/scrollreveal,https://github.com/jlmakes/scrollreveal.git,https://github.com/jlmakes/scrollreveal,O,O,.github/PULL_REQUEST_TEMPLATE.md
80149262,react-navigation,react-navigation,https://github.com/react-navigation/react-navigation,https://github.com/react-navigation/react-navigation.git,https://github.com/react-navigation/react-navigation,O,O,.github/PULL_REQUEST_TEMPLATE.md
108110,mongodb,mongo,https://github.com/mongodb/mongo,https://github.com/mongodb/mongo.git,https://github.com/mongodb/mongo,O,O,.github/pull_request_template.md
34864402,apache,mxnet,https://github.com/apache/mxnet,https://github.com/apache/mxnet.git,https://github.com/apache/mxnet,O,O,.github/PULL_REQUEST_TEMPLATE.md
30794868,sampotts,plyr,https://github.com/sampotts/plyr,https://github.com/sampotts/plyr.git,https://github.com/sampotts/plyr,O,O,.github/pull_request_template.md
32538871,google,gson,https://github.com/google/gson,https://github.com/google/gson.git,https://github.com/google/gson,O,O,.github/pull_request_template.md
163387337,apache,incubator-seata,https://github.com/apache/incubator-seata,https://github.com/apache/incubator-seata.git,https://github.com/apache/incubator-seata,O,O,.github/PULL_REQUEST_TEMPLATE.md
26102180,afollestad,material-dialogs,https://github.com/afollestad/material-dialogs,https://github.com/afollestad/material-dialogs.git,https://github.com/afollestad/material-dialogs,O,O,.github/pull_request_template.md
2540368,jaredhanson,passport,https://github.com/jaredhanson/passport,https://github.com/jaredhanson/passport.git,https://github.com/jaredhanson/passport,O,O,.github/PULL_REQUEST_TEMPLATE.md
128237146,vuejs,vuepress,https://github.com/vuejs/vuepress,https://github.com/vuejs/vuepress.git,https://github.com/vuejs/vuepress,O,O,.github/PULL_REQUEST_TEMPLATE.md
50603846,parse-community,parse-server,https://github.com/parse-community/parse-server,https://github.com/parse-community/parse-server.git,https://github.com/parse-community/parse-server,O,O,.github/pull_request_template.md
13926404,getredash,redash,https://github.com/getredash/redash,https://github.com/getredash/redash.git,https://github.com/getredash/redash,O,O,.github/PULL_REQUEST_TEMPLATE.md
174038031,react-hook-form,react-hook-form,https://github.com/react-hook-form/react-hook-form,https://github.com/react-hook-form/react-hook-form.git,https://github.com/react-hook-form/react-hook-form,O,O,.github/PULL_REQUEST_TEMPLATE/pull_request_template.md
110446844,marktext,marktext,https://github.com/marktext/marktext,https://github.com/marktext/marktext.git,https://github.com/marktext/marktext,O,O,.github/PULL_REQUEST_TEMPLATE.md
2211243,apache,kafka,https://github.com/apache/kafka,https://github.com/apache/kafka.git,https://github.com/apache/kafka,O,O,.github/pull_request_template.md
712530,fabricjs,fabric.js,https://github.com/fabricjs/fabric.js,https://github.com/fabricjs/fabric.js.git,https://github.com/fabricjs/fabric.js,O,O,.github/PULL_REQUEST_TEMPLATE.md
13753636,jhipster,generator-jhipster,https://github.com/jhipster/generator-jhipster,https://github.com/jhipster/generator-jhipster.git,https://github.com/jhipster/generator-jhipster,O,O,.github/PULL_REQUEST_TEMPLATE.md
1213225,highlightjs,highlight.js,https://github.com/highlightjs/highlight.js,https://github.com/highlightjs/highlight.js.git,https://github.com/highlightjs/highlight.js,O,O,.github/pull_request_template.md
7874074,goldfire,howler.js,https://github.com/goldfire/howler.js,https://github.com/goldfire/howler.js.git,https://github.com/goldfire/howler.js,O,O,.github/PULL_REQUEST_TEMPLATE.md
11061773,eslint,eslint,https://github.com/eslint/eslint,https://github.com/eslint/eslint.git,https://github.com/eslint/eslint,O,O,.github/PULL_REQUEST_TEMPLATE.md
2909429,nicolargo,glances,https://github.com/nicolargo/glances,https://github.com/nicolargo/glances.git,https://github.com/nicolargo/glances,O,O,.github/PULL_REQUEST_TEMPLATE.md
15116946,vuejs,vue-router,https://github.com/vuejs/vue-router,https://github.com/vuejs/vue-router.git,https://github.com/vuejs/vue-router,O,O,.github/PULL_REQUEST_TEMPLATE.md
43695474,quasarframework,quasar,https://github.com/quasarframework/quasar,https://github.com/quasarframework/quasar.git,https://github.com/quasarframework/quasar,O,O,.github/PULL_REQUEST_TEMPLATE.md
22394357,osquery,osquery,https://github.com/osquery/osquery,https://github.com/osquery/osquery.git,https://github.com/osquery/osquery,O,O,.github/PULL_REQUEST_TEMPLATE.md
112785414,alibaba,spring-cloud-alibaba,https://github.com/alibaba/spring-cloud-alibaba,https://github.com/alibaba/spring-cloud-alibaba.git,https://github.com/alibaba/spring-cloud-alibaba,O,O,.github/PULL_REQUEST_TEMPLATE.md
36804486,tqdm,tqdm,https://github.com/tqdm/tqdm,https://github.com/tqdm/tqdm.git,https://github.com/tqdm/tqdm,O,O,.github/PULL_REQUEST_TEMPLATE/pr.md
5084750,Baseflow,PhotoView,https://github.com/Baseflow/PhotoView,https://github.com/Baseflow/PhotoView.git,https://github.com/Baseflow/PhotoView,O,O,.github/PULL_REQUEST_TEMPLATE.md
71939872,palantir,blueprint,https://github.com/palantir/blueprint,https://github.com/palantir/blueprint.git,https://github.com/palantir/blueprint,O,O,.github/PULL_REQUEST_TEMPLATE.md
20818126,google,ExoPlayer,https://github.com/google/ExoPlayer,https://github.com/google/ExoPlayer.git,https://github.com/google/ExoPlayer,O,O,.github/pull_request_template.md
59239347,portainer,portainer,https://github.com/portainer/portainer,https://github.com/portainer/portainer.git,https://github.com/portainer/portainer,O,O,.github/PULL_REQUEST_TEMPLATE.md
172741073,FredKSchott,snowpack,https://github.com/FredKSchott/snowpack,https://github.com/FredKSchott/snowpack.git,https://github.com/FredKSchott/snowpack,O,O,.github/PULL_REQUEST_TEMPLATE.md
965782,validatorjs,validator.js,https://github.com/validatorjs/validator.js,https://github.com/validatorjs/validator.js.git,https://github.com/validatorjs/validator.js,O,O,.github/pull_request_template.md
1103607,jenkinsci,jenkins,https://github.com/jenkinsci/jenkins,https://github.com/jenkinsci/jenkins.git,https://github.com/jenkinsci/jenkins,O,O,.github/PULL_REQUEST_TEMPLATE.md
18611173,julianshapiro,velocity,https://github.com/julianshapiro/velocity,https://github.com/julianshapiro/velocity.git,https://github.com/julianshapiro/velocity,O,O,.github/PULL_REQUEST_TEMPLATE.md
74260508,docsifyjs,docsify,https://github.com/docsifyjs/docsify,https://github.com/docsifyjs/docsify.git,https://github.com/docsifyjs/docsify,O,O,.github/PULL_REQUEST_TEMPLATE.md
88717215,youzan,vant,https://github.com/youzan/vant,https://github.com/youzan/vant.git,https://github.com/youzan/vant,O,O,.github/PULL_REQUEST_TEMPLATE.md
184460,celery,celery,https://github.com/celery/celery,https://github.com/celery/celery.git,https://github.com/celery/celery,O,O,.github/PULL_REQUEST_TEMPLATE.md
21399598,angular,material,https://github.com/angular/material,https://github.com/angular/material.git,https://github.com/angular/material,O,O,.github/PULL_REQUEST_TEMPLATE.md
527644,less,less.js,https://github.com/less/less.js,https://github.com/less/less.js.git,https://github.com/less/less.js,O,O,.github/PULL_REQUEST_TEMPLATE.md
31533997,facebook,fresco,https://github.com/facebook/fresco,https://github.com/facebook/fresco.git,https://github.com/facebook/fresco,O,O,.github/PULL_REQUEST_TEMPLATE.md
137451403,alibaba,nacos,https://github.com/alibaba/nacos,https://github.com/alibaba/nacos.git,https://github.com/alibaba/nacos,O,O,.github/PULL_REQUEST_TEMPLATE.md
45721011,apache,skywalking,https://github.com/apache/skywalking,https://github.com/apache/skywalking.git,https://github.com/apache/skywalking,O,O,.github/PULL_REQUEST_TEMPLATE
63226588,marmelab,react-admin,https://github.com/marmelab/react-admin,https://github.com/marmelab/react-admin.git,https://github.com/marmelab/react-admin,O,O,.github/pull_request_template.md
17107479,framework7io,framework7,https://github.com/framework7io/framework7,https://github.com/framework7io/framework7.git,https://github.com/framework7io/framework7,O,O,.github/PULL_REQUEST_TEMPLATE.md
40345658,recharts,recharts,https://github.com/recharts/recharts,https://github.com/recharts/recharts.git,https://github.com/recharts/recharts,O,O,.github/pull_request_template.md
45261969,nickbutcher,plaid,https://github.com/nickbutcher/plaid,https://github.com/nickbutcher/plaid.git,https://github.com/nickbutcher/plaid,O,O,pull_request_template.md
19953044,google,flatbuffers,https://github.com/google/flatbuffers,https://github.com/google/flatbuffers.git,https://github.com/google/flatbuffers,O,O,.github/PULL_REQUEST_TEMPLATE.md
809601,handlebars-lang,handlebars.js,https://github.com/handlebars-lang/handlebars.js,https://github.com/handlebars-lang/handlebars.js.git,https://github.com/handlebars-lang/handlebars.js,O,O,.github/PULL_REQUEST_TEMPLATE.md
56899284,Kong,insomnia,https://github.com/Kong/insomnia,https://github.com/Kong/insomnia.git,https://github.com/Kong/insomnia,O,O,.github/PULL_REQUEST_TEMPLATE.md
52630616,apollographql,apollo-client,https://github.com/apollographql/apollo-client,https://github.com/apollographql/apollo-client.git,https://github.com/apollographql/apollo-client,O,O,.github/PULL_REQUEST_TEMPLATE.md
211124697,deezer,spleeter,https://github.com/deezer/spleeter,https://github.com/deezer/spleeter.git,https://github.com/deezer/spleeter,O,O,.github/PULL_REQUEST_TEMPLATE.md
202890778,chakra-ui,chakra-ui,https://github.com/chakra-ui/chakra-ui,https://github.com/chakra-ui/chakra-ui.git,https://github.com/chakra-ui/chakra-ui,O,O,.github/pull_request_template.md
7833168,elastic,kibana,https://github.com/elastic/kibana,https://github.com/elastic/kibana.git,https://github.com/elastic/kibana,O,O,.github/PULL_REQUEST_TEMPLATE.md
20587599,apache,flink,https://github.com/apache/flink,https://github.com/apache/flink.git,https://github.com/apache/flink,O,O,.github/PULL_REQUEST_TEMPLATE.md
38836015,michalsnik,aos,https://github.com/michalsnik/aos,https://github.com/michalsnik/aos.git,https://github.com/michalsnik/aos,O,O,PULL_REQUEST_TEMPLATE.md
61872036,dvajs,dva,https://github.com/dvajs/dva,https://github.com/dvajs/dva.git,https://github.com/dvajs/dva,O,O,.github/PULL_REQUEST_TEMPLATE.md
162723104,OWASP,CheatSheetSeries,https://github.com/OWASP/CheatSheetSeries,https://github.com/OWASP/CheatSheetSeries.git,https://github.com/OWASP/CheatSheetSeries,O,O,.github/pull_request_template.md
127769231,DIYgod,RSSHub,https://github.com/DIYgod/RSSHub,https://github.com/DIYgod/RSSHub.git,https://github.com/DIYgod/RSSHub,O,O,.github/PULL_REQUEST_TEMPLATE.md
15225670,jitsi,jitsi-meet,https://github.com/jitsi/jitsi-meet,https://github.com/jitsi/jitsi-meet.git,https://github.com/jitsi/jitsi-meet,O,O,.github/PULL_REQUEST_TEMPLATE.md
128018428,alibaba,Sentinel,https://github.com/alibaba/Sentinel,https://github.com/alibaba/Sentinel.git,https://github.com/alibaba/Sentinel,O,O,.github/PULL_REQUEST_TEMPLATE.md
21484781,jumpserver,jumpserver,https://github.com/jumpserver/jumpserver,https://github.com/jumpserver/jumpserver.git,https://github.com/jumpserver/jumpserver,O,O,.github/PULL_REQUEST_TEMPLATE.md
196284711,microsoft,cascadia-code,https://github.com/microsoft/cascadia-code,https://github.com/microsoft/cascadia-code.git,https://github.com/microsoft/cascadia-code,O,O,.github/PULL_REQUEST_TEMPLATE.md
75425073,pubkey,rxdb,https://github.com/pubkey/rxdb,https://github.com/pubkey/rxdb.git,https://github.com/pubkey/rxdb,O,O,.github/PULL_REQUEST_TEMPLATE.md
206660580,facebookresearch,detectron2,https://github.com/facebookresearch/detectron2,https://github.com/facebookresearch/detectron2.git,https://github.com/facebookresearch/detectron2,O,O,.github/pull_request_template.md
10365411,yabwe,medium-editor,https://github.com/yabwe/medium-editor,https://github.com/yabwe/medium-editor.git,https://github.com/yabwe/medium-editor,O,O,.github/PULL_REQUEST_TEMPLATE.md
312262,philc,vimium,https://github.com/philc/vimium,https://github.com/philc/vimium.git,https://github.com/philc/vimium,O,O,.github/pull_request_template.md
84009,jasmine,jasmine,https://github.com/jasmine/jasmine,https://github.com/jasmine/jasmine.git,https://github.com/jasmine/jasmine,O,O,.github/PULL_REQUEST_TEMPLATE.md
8424040,processing,p5.js,https://github.com/processing/p5.js,https://github.com/processing/p5.js.git,https://github.com/processing/p5.js,O,O,.github/PULL_REQUEST_TEMPLATE.md
105036236,Shopify,draggable,https://github.com/Shopify/draggable,https://github.com/Shopify/draggable.git,https://github.com/Shopify/draggable,O,O,.github/PULL_REQUEST_TEMPLATE.md
71932349,ray-project,ray,https://github.com/ray-project/ray,https://github.com/ray-project/ray.git,https://github.com/ray-project/ray,O,O,.github/PULL_REQUEST_TEMPLATE.md
12358097,hackiftekhar,IQKeyboardManager,https://github.com/hackiftekhar/IQKeyboardManager,https://github.com/hackiftekhar/IQKeyboardManager.git,https://github.com/hackiftekhar/IQKeyboardManager,O,O,.github/pull_request_template.md
20159867,nothings,stb,https://github.com/nothings/stb,https://github.com/nothings/stb.git,https://github.com/nothings/stb,O,O,.github/PULL_REQUEST_TEMPLATE.md
7634677,openssl,openssl,https://github.com/openssl/openssl,https://github.com/openssl/openssl.git,https://github.com/openssl/openssl,O,O,.github/PULL_REQUEST_TEMPLATE.md
1790564,handsontable,handsontable,https://github.com/handsontable/handsontable,https://github.com/handsontable/handsontable.git,https://github.com/handsontable/handsontable,O,O,.github/PULL_REQUEST_TEMPLATE.md
11116372,keystonejs,keystone-classic,https://github.com/keystonejs/keystone-classic,https://github.com/keystonejs/keystone-classic.git,https://github.com/keystonejs/keystone-classic,O,O,.github/PULL_REQUEST_TEMPLATE.md
80286288,arendst,Tasmota,https://github.com/arendst/Tasmota,https://github.com/arendst/Tasmota.git,https://github.com/arendst/Tasmota,O,O,.github/PULL_REQUEST_TEMPLATE.md
56315715,GeekyAnts,NativeBase,https://github.com/GeekyAnts/NativeBase,https://github.com/GeekyAnts/NativeBase.git,https://github.com/GeekyAnts/NativeBase,O,O,.github/pull_request_template.md
3834332,bokeh,bokeh,https://github.com/bokeh/bokeh,https://github.com/bokeh/bokeh.git,https://github.com/bokeh/bokeh,O,O,.github/PULL_REQUEST_TEMPLATE.md
30161665,infernojs,inferno,https://github.com/infernojs/inferno,https://github.com/infernojs/inferno.git,https://github.com/infernojs/inferno,O,O,.github/PULL_REQUEST_TEMPLATE.md
123870315,tensorflow,tfjs,https://github.com/tensorflow/tfjs,https://github.com/tensorflow/tfjs.git,https://github.com/tensorflow/tfjs,O,O,pull_request_template.md
60246359,ClickHouse,ClickHouse,https://github.com/ClickHouse/ClickHouse,https://github.com/ClickHouse/ClickHouse.git,https://github.com/ClickHouse/ClickHouse,O,O,.github/PULL_REQUEST_TEMPLATE.md
6094683,angular-ui,bootstrap,https://github.com/angular-ui/bootstrap,https://github.com/angular-ui/bootstrap.git,https://github.com/angular-ui/bootstrap,O,O,.github/PULL_REQUEST_TEMPLATE.md
196353673,taosdata,TDengine,https://github.com/taosdata/TDengine,https://github.com/taosdata/TDengine.git,https://github.com/taosdata/TDengine,O,O,.github/pull_request_template.md
13142126,riot,riot,https://github.com/riot/riot,https://github.com/riot/riot.git,https://github.com/riot/riot,O,O,.github/PULL_REQUEST_TEMPLATE.md
65711522,PaddlePaddle,Paddle,https://github.com/PaddlePaddle/Paddle,https://github.com/PaddlePaddle/Paddle.git,https://github.com/PaddlePaddle/Paddle,O,O,.github/PULL_REQUEST_TEMPLATE.md
5888353,spotify,luigi,https://github.com/spotify/luigi,https://github.com/spotify/luigi.git,https://github.com/spotify/luigi,O,O,.github/PULL_REQUEST_TEMPLATE.md
6201092,mpv-player,mpv,https://github.com/mpv-player/mpv,https://github.com/mpv-player/mpv.git,https://github.com/mpv-player/mpv,O,O,.github/PULL_REQUEST_TEMPLATE
83050680,eclipse-theia,theia,https://github.com/eclipse-theia/theia,https://github.com/eclipse-theia/theia.git,https://github.com/eclipse-theia/theia,O,O,.github/PULL_REQUEST_TEMPLATE.md
41766002,ampproject,amphtml,https://github.com/ampproject/amphtml,https://github.com/ampproject/amphtml.git,https://github.com/ampproject/amphtml,O,O,.github/pull_request_template.md
4869294,radareorg,radare2,https://github.com/radareorg/radare2,https://github.com/radareorg/radare2.git,https://github.com/radareorg/radare2,O,O,.github/PULL_REQUEST_TEMPLATE.md
33702544,plotly,dash,https://github.com/plotly/dash,https://github.com/plotly/dash.git,https://github.com/plotly/dash,O,O,.github/pull_request_template.md
123303402,python-poetry,poetry,https://github.com/python-poetry/poetry,https://github.com/python-poetry/poetry.git,https://github.com/python-poetry/poetry,O,O,.github/PULL_REQUEST_TEMPLATE.md
16989371,MagicMirrorOrg,MagicMirror,https://github.com/MagicMirrorOrg/MagicMirror,https://github.com/MagicMirrorOrg/MagicMirror.git,https://github.com/MagicMirrorOrg/MagicMirror,O,O,.github/PULL_REQUEST_TEMPLATE.md
78186814,apache,incubator-weex,https://github.com/apache/incubator-weex,https://github.com/apache/incubator-weex.git,https://github.com/apache/incubator-weex,O,O,.github/PULL_REQUEST_TEMPLATE.md
125863507,testing-library,react-testing-library,https://github.com/testing-library/react-testing-library,https://github.com/testing-library/react-testing-library.git,https://github.com/testing-library/react-testing-library,O,O,.github/PULL_REQUEST_TEMPLATE.md
38696925,python-telegram-bot,python-telegram-bot,https://github.com/python-telegram-bot/python-telegram-bot,https://github.com/python-telegram-bot/python-telegram-bot.git,https://github.com/python-telegram-bot/python-telegram-bot,O,O,.github/pull_request_template.md
108395495,frappe,charts,https://github.com/frappe/charts,https://github.com/frappe/charts.git,https://github.com/frappe/charts,O,O,.github/PULL_REQUEST_TEMPLATE.md
51769689,refined-github,refined-github,https://github.com/refined-github/refined-github,https://github.com/refined-github/refined-github.git,https://github.com/refined-github/refined-github,O,O,.github/pull_request_template.md
145670234,open-mmlab,mmdetection,https://github.com/open-mmlab/mmdetection,https://github.com/open-mmlab/mmdetection.git,https://github.com/open-mmlab/mmdetection,O,O,.github/pull_request_template.md
75164823,apache,rocketmq,https://github.com/apache/rocketmq,https://github.com/apache/rocketmq.git,https://github.com/apache/rocketmq,O,O,.github/PULL_REQUEST_TEMPLATE.md
908893,redis,node-redis,https://github.com/redis/node-redis,https://github.com/redis/node-redis.git,https://github.com/redis/node-redis,O,O,.github/PULL_REQUEST_TEMPLATE.md
37912398,nginx,nginx,https://github.com/nginx/nginx,https://github.com/nginx/nginx.git,https://github.com/nginx/nginx,O,O,.github/pull_request_template.md
1272424,nodemailer,nodemailer,https://github.com/nodemailer/nodemailer,https://github.com/nodemailer/nodemailer.git,https://github.com/nodemailer/nodemailer,O,O,.github/pull_request_template.md
29514104,decaporg,decap-cms,https://github.com/decaporg/decap-cms,https://github.com/decaporg/decap-cms.git,https://github.com/decaporg/decap-cms,O,O,.github/PULL_REQUEST_TEMPLATE.md
2281775,marcuswestin,WebViewJavascriptBridge,https://github.com/marcuswestin/WebViewJavascriptBridge,https://github.com/marcuswestin/WebViewJavascriptBridge.git,https://github.com/marcuswestin/WebViewJavascriptBridge,O,O,.github/PULL_REQUEST_TEMPLATE.md
134505361,android,sunflower,https://github.com/android/sunflower,https://github.com/android/sunflower.git,https://github.com/android/sunflower,O,O,.github/PULL_REQUEST_TEMPLATE/pull_request_template.md
204086862,streamlit,streamlit,https://github.com/streamlit/streamlit,https://github.com/streamlit/streamlit.git,https://github.com/streamlit/streamlit,O,O,.github/pull_request_template.md
7910045,badges,shields,https://github.com/badges/shields,https://github.com/badges/shields.git,https://github.com/badges/shields,O,O,.github/pull_request_template.md
49876476,apache,shardingsphere,https://github.com/apache/shardingsphere,https://github.com/apache/shardingsphere.git,https://github.com/apache/shardingsphere,O,O,.github/PULL_REQUEST_TEMPLATE
11195700,KaTeX,KaTeX,https://github.com/KaTeX/KaTeX,https://github.com/KaTeX/KaTeX.git,https://github.com/KaTeX/KaTeX,O,O,.github/PULL_REQUEST_TEMPLATE.md
9325315,strongloop,loopback,https://github.com/strongloop/loopback,https://github.com/strongloop/loopback.git,https://github.com/strongloop/loopback,O,O,.github/PULL_REQUEST_TEMPLATE.md
93076012,schickling,chromeless,https://github.com/schickling/chromeless,https://github.com/schickling/chromeless.git,https://github.com/schickling/chromeless,O,O,.github/PULL_REQUEST_TEMPLATE.md
48009214,microsoft,react-native-windows,https://github.com/microsoft/react-native-windows,https://github.com/microsoft/react-native-windows.git,https://github.com/microsoft/react-native-windows,O,O,.github/pull_request_template.md
2609642,feathersjs,feathers,https://github.com/feathersjs/feathers,https://github.com/feathersjs/feathers.git,https://github.com/feathersjs/feathers,O,O,.github/pull_request_template.md
1385122,matplotlib,matplotlib,https://github.com/matplotlib/matplotlib,https://github.com/matplotlib/matplotlib.git,https://github.com/matplotlib/matplotlib,O,O,.github/PULL_REQUEST_TEMPLATE.md
43160685,zulip,zulip,https://github.com/zulip/zulip,https://github.com/zulip/zulip.git,https://github.com/zulip/zulip,O,O,.github/pull_request_template.md
2810292,pbatard,rufus,https://github.com/pbatard/rufus,https://github.com/pbatard/rufus.git,https://github.com/pbatard/rufus,O,O,.github/pull_request_template.md
7530570,appium,appium,https://github.com/appium/appium,https://github.com/appium/appium.git,https://github.com/appium/appium,O,O,.github/PULL_REQUEST_TEMPLATE.md
65750241,expo,expo,https://github.com/expo/expo,https://github.com/expo/expo.git,https://github.com/expo/expo,O,O,.github/PULL_REQUEST_TEMPLATE
79723839,teambit,bit,https://github.com/teambit/bit,https://github.com/teambit/bit.git,https://github.com/teambit/bit,O,O,.github/PULL_REQUEST_TEMPLATE.md
45250726,Redocly,redoc,https://github.com/Redocly/redoc,https://github.com/Redocly/redoc.git,https://github.com/Redocly/redoc,O,O,.github/pull_request_template.md
126412363,simdjson,simdjson,https://github.com/simdjson/simdjson,https://github.com/simdjson/simdjson.git,https://github.com/simdjson/simdjson,O,O,.github/pull_request_template.md
74660642,taichi-dev,taichi,https://github.com/taichi-dev/taichi,https://github.com/taichi-dev/taichi.git,https://github.com/taichi-dev/taichi,O,O,.github/pull_request_template.md
70342215,bootstrap-vue,bootstrap-vue,https://github.com/bootstrap-vue/bootstrap-vue,https://github.com/bootstrap-vue/bootstrap-vue.git,https://github.com/bootstrap-vue/bootstrap-vue,O,O,.github/PULL_REQUEST_TEMPLATE.md
28538501,react-grid-layout,react-grid-layout,https://github.com/react-grid-layout/react-grid-layout,https://github.com/react-grid-layout/react-grid-layout.git,https://github.com/react-grid-layout/react-grid-layout,O,O,.github/PULL_REQUEST_TEMPLATE.md
45646037,plotly,plotly.js,https://github.com/plotly/plotly.js,https://github.com/plotly/plotly.js.git,https://github.com/plotly/plotly.js,O,O,.github/PULL_REQUEST_TEMPLATE.md
23013268,Moya,Moya,https://github.com/Moya/Moya,https://github.com/Moya/Moya.git,https://github.com/Moya/Moya,O,O,.github/Pull_request_template.md
1062572,catchorg,Catch2,https://github.com/catchorg/Catch2,https://github.com/catchorg/Catch2.git,https://github.com/catchorg/Catch2,O,O,.github/pull_request_template.md
41889031,TeamNewPipe,NewPipe,https://github.com/TeamNewPipe/NewPipe,https://github.com/TeamNewPipe/NewPipe.git,https://github.com/TeamNewPipe/NewPipe,O,O,.github/PULL_REQUEST_TEMPLATE.md
1049095,kivy,kivy,https://github.com/kivy/kivy,https://github.com/kivy/kivy.git,https://github.com/kivy/kivy,O,O,.github/PULL_REQUEST_TEMPLATE.md
144624857,checkly,headless-recorder,https://github.com/checkly/headless-recorder,https://github.com/checkly/headless-recorder.git,https://github.com/checkly/headless-recorder,O,O,.github/pull_request_template.md
56352157,infinitered,reactotron,https://github.com/infinitered/reactotron,https://github.com/infinitered/reactotron.git,https://github.com/infinitered/reactotron,O,O,.github/PULL_REQUEST_TEMPLATE.md
17814354,MithrilJS,mithril.js,https://github.com/MithrilJS/mithril.js,https://github.com/MithrilJS/mithril.js.git,https://github.com/MithrilJS/mithril.js,O,O,.github/PULL_REQUEST_TEMPLATE.md
193215554,n8n-io,n8n,https://github.com/n8n-io/n8n,https://github.com/n8n-io/n8n.git,https://github.com/n8n-io/n8n,O,O,.github/pull_request_template.md;.github/pull_request_title_conventions.md
88214511,edent,SuperTinyIcons,https://github.com/edent/SuperTinyIcons,https://github.com/edent/SuperTinyIcons.git,https://github.com/edent/SuperTinyIcons,O,O,.github/pull_request_template.md
92570536,emotion-js,emotion,https://github.com/emotion-js/emotion,https://github.com/emotion-js/emotion.git,https://github.com/emotion-js/emotion,O,O,.github/PULL_REQUEST_TEMPLATE.md
85095608,airbnb,visx,https://github.com/airbnb/visx,https://github.com/airbnb/visx.git,https://github.com/airbnb/visx,O,O,PULL_REQUEST_TEMPLATE.md
40013435,redux-form,redux-form,https://github.com/redux-form/redux-form,https://github.com/redux-form/redux-form.git,https://github.com/redux-form/redux-form,O,O,.github/pull-request-template.md
42488903,aframevr,aframe,https://github.com/aframevr/aframe,https://github.com/aframevr/aframe.git,https://github.com/aframevr/aframe,O,O,.github/PULL_REQUEST_TEMPLATE.md
23129458,aseprite,aseprite,https://github.com/aseprite/aseprite,https://github.com/aseprite/aseprite.git,https://github.com/aseprite/aseprite,O,O,.github/PULL_REQUEST_TEMPLATE.md
3744545,uxsolutions,bootstrap-datepicker,https://github.com/uxsolutions/bootstrap-datepicker,https://github.com/uxsolutions/bootstrap-datepicker.git,https://github.com/uxsolutions/bootstrap-datepicker,O,O,.github/PULL_REQUEST_TEMPLATE.md
1549138,CocoaLumberjack,CocoaLumberjack,https://github.com/CocoaLumberjack/CocoaLumberjack,https://github.com/CocoaLumberjack/CocoaLumberjack.git,https://github.com/CocoaLumberjack/CocoaLumberjack,O,O,.github/PULL_REQUEST_TEMPLATE.md
1338813,paperjs,paper.js,https://github.com/paperjs/paper.js,https://github.com/paperjs/paper.js.git,https://github.com/paperjs/paper.js,O,O,.github/PULL_REQUEST_TEMPLATE.md
6662075,joke2k,faker,https://github.com/joke2k/faker,https://github.com/joke2k/faker.git,https://github.com/joke2k/faker,O,O,.github/PULL_REQUEST_TEMPLATE.md
15337142,micropython,micropython,https://github.com/micropython/micropython,https://github.com/micropython/micropython.git,https://github.com/micropython/micropython,O,O,.github/pull_request_template.md
51452356,infinitered,ignite,https://github.com/infinitered/ignite,https://github.com/infinitered/ignite.git,https://github.com/infinitered/ignite,O,O,.github/PULL_REQUEST_TEMPLATE.md
1327739,icsharpcode,ILSpy,https://github.com/icsharpcode/ILSpy,https://github.com/icsharpcode/ILSpy.git,https://github.com/icsharpcode/ILSpy,O,O,.github/PULL_REQUEST_TEMPLATE.md
178626720,Lightning-AI,pytorch-lightning,https://github.com/Lightning-AI/pytorch-lightning,https://github.com/Lightning-AI/pytorch-lightning.git,https://github.com/Lightning-AI/pytorch-lightning,O,O,.github/PULL_REQUEST_TEMPLATE.md
75643096,material-components,material-components-android,https://github.com/material-components/material-components-android,https://github.com/material-components/material-components-android.git,https://github.com/material-components/material-components-android,O,O,PULL_REQUEST_TEMPLATE.md
14734876,deeplearning4j,deeplearning4j,https://github.com/deeplearning4j/deeplearning4j,https://github.com/deeplearning4j/deeplearning4j.git,https://github.com/deeplearning4j/deeplearning4j,O,O,.github/PULL_REQUEST_TEMPLATE.md
48764652,react-native-maps,react-native-maps,https://github.com/react-native-maps/react-native-maps,https://github.com/react-native-maps/react-native-maps.git,https://github.com/react-native-maps/react-native-maps,O,O,.github/PULL_REQUEST_TEMPLATE.md
68312233,microsoft,vcpkg,https://github.com/microsoft/vcpkg,https://github.com/microsoft/vcpkg.git,https://github.com/microsoft/vcpkg,O,O,.github/pull_request_template.md
5349565,prestodb,presto,https://github.com/prestodb/presto,https://github.com/prestodb/presto.git,https://github.com/prestodb/presto,O,O,pull_request_template.md
67588512,Instagram,IGListKit,https://github.com/Instagram/IGListKit,https://github.com/Instagram/IGListKit.git,https://github.com/Instagram/IGListKit,O,O,.github/PULL_REQUEST_TEMPLATE.md
51658450,BrainJS,brain.js,https://github.com/BrainJS/brain.js,https://github.com/BrainJS/brain.js.git,https://github.com/BrainJS/brain.js,O,O,.github/PULL_REQUEST_TEMPLATE.md
50063252,Miserlou,Zappa,https://github.com/Miserlou/Zappa,https://github.com/Miserlou/Zappa.git,https://github.com/Miserlou/Zappa,O,O,.github/PULL_REQUEST_TEMPLATE.md
560495,jsdoc,jsdoc,https://github.com/jsdoc/jsdoc,https://github.com/jsdoc/jsdoc.git,https://github.com/jsdoc/jsdoc,O,O,.github/PULL_REQUEST_TEMPLATE.md
12618379,node-red,node-red,https://github.com/node-red/node-red,https://github.com/node-red/node-red.git,https://github.com/node-red/node-red,O,O,.github/PULL_REQUEST_TEMPLATE.md
1390248,saltstack,salt,https://github.com/saltstack/salt,https://github.com/saltstack/salt.git,https://github.com/saltstack/salt,O,O,.github/PULL_REQUEST_TEMPLATE.md
6207167,mockito,mockito,https://github.com/mockito/mockito,https://github.com/mockito/mockito.git,https://github.com/mockito/mockito,O,O,.github/PULL_REQUEST_TEMPLATE.md
116392709,digitalocean,nginxconfig.io,https://github.com/digitalocean/nginxconfig.io,https://github.com/digitalocean/nginxconfig.io.git,https://github.com/digitalocean/nginxconfig.io,O,O,.github/PULL_REQUEST_TEMPLATE.md
919161,arduino,Arduino,https://github.com/arduino/Arduino,https://github.com/arduino/Arduino.git,https://github.com/arduino/Arduino,O,O,.github/PULL_REQUEST_TEMPLATE.md
3351871,qbittorrent,qBittorrent,https://github.com/qbittorrent/qBittorrent,https://github.com/qbittorrent/qBittorrent.git,https://github.com/qbittorrent/qBittorrent,O,O,.github/PULL_REQUEST_TEMPLATE.md
23418517,apache,hadoop,https://github.com/apache/hadoop,https://github.com/apache/hadoop.git,https://github.com/apache/hadoop,O,O,.github/pull_request_template.md
101782647,facebookresearch,fairseq,https://github.com/facebookresearch/fairseq,https://github.com/facebookresearch/fairseq.git,https://github.com/facebookresearch/fairseq,O,O,.github/PULL_REQUEST_TEMPLATE.md
81887991,microsoft,AirSim,https://github.com/microsoft/AirSim,https://github.com/microsoft/AirSim.git,https://github.com/microsoft/AirSim,O,O,.github/pull_request_template.md
102343794,apache,brpc,https://github.com/apache/brpc,https://github.com/apache/brpc.git,https://github.com/apache/brpc,O,O,.github/pull_request_template.md
8257106,jessesquires,JSQMessagesViewController,https://github.com/jessesquires/JSQMessagesViewController,https://github.com/jessesquires/JSQMessagesViewController.git,https://github.com/jessesquires/JSQMessagesViewController,O,O,.github/PULL_REQUEST_TEMPLATE.md
37347459,ungoogled-software,ungoogled-chromium,https://github.com/ungoogled-software/ungoogled-chromium,https://github.com/ungoogled-software/ungoogled-chromium.git,https://github.com/ungoogled-software/ungoogled-chromium,O,O,.github/PULL_REQUEST_TEMPLATE.md
5084750,Baseflow,PhotoView,https://github.com/Baseflow/PhotoView,https://github.com/Baseflow/PhotoView.git,https://github.com/Baseflow/PhotoView,O,O,.github/PULL_REQUEST_TEMPLATE.md
