Num,id,owner,name,html_url,1st code,repo_label (DL/NonDL),requirement file path
17,130474497,eriklindernoren,PyTorch-GAN,https://github.com/eriklindernoren/PyTorch-GAN,O,,
79,126897385,DeepLabCut,DeepLabCut,https://github.com/DeepLabCut/DeepLabCut,O,,
83,100249425,fizyr,keras-retinanet,https://github.com/fizyr/keras-retinanet,O,,
92,310027001,ashleve,lightning-hydra-template,https://github.com/ashleve/lightning-hydra-template,O,,
94,79584587,yahoo,TensorFlowOnSpark,https://github.com/yahoo/TensorFlowOnSpark,O,,
99,186526115,facebookresearch,dlrm,https://github.com/facebookresearch/dlrm,O,,
109,85491050,tensorforce,tensorforce,https://github.com/tensorforce/tensorforce,O,,
110,143090423,zjunlp,DeepKE,https://github.com/zjunlp/DeepKE,O,,
123,133867923,IntelLabs,nlp-architect,https://github.com/IntelLabs/nlp-architect,O,,
129,215173055,QData,TextAttack,https://github.com/QData/TextAttack,O,,
151,179401695,NVIDIA,MinkowskiEngine,https://github.com/NVIDIA/MinkowskiEngine,O,,
168,370434931,kingyiusuen,image-to-latex,https://github.com/kingyiusuen/image-to-latex,O,,
169,478484453,alibaba,EasyNLP,https://github.com/alibaba/EasyNLP,O,,
253,334760721,The-AI-Summer,self-attention-cv,https://github.com/The-AI-Summer/self-attention-cv,O,,
294,284780206,sunlabuiuc,PyHealth,https://github.com/sunlabuiuc/PyHealth,O,,
360,136059268,baidu-research,NCRF,https://github.com/baidu-research/NCRF,O,,
379,249065239,vinits5,learning3d,https://github.com/vinits5/learning3d,O,,
384,153133227,joeynmt,joeynmt,https://github.com/joeynmt/joeynmt,O,,
388,243942197,thunlp,OpenAttack,https://github.com/thunlp/OpenAttack,O,,
394,323426984,yingkaisha,keras-unet-collection,https://github.com/yingkaisha/keras-unet-collection,O,,
404,273564830,RobustBench,robustbench,https://github.com/RobustBench/robustbench,O,,
417,251697485,kwotsin,mimicry,https://github.com/kwotsin/mimicry,O,,
438,130369068,KDD-OpenSource,DeepADoTS,https://github.com/KDD-OpenSource/DeepADoTS,O,,
439,269365590,DeepRegNet,DeepReg,https://github.com/DeepRegNet/DeepReg,O,,
460,479489097,metaopt,torchopt,https://github.com/metaopt/torchopt,O,,
466,161100560,medipixel,rl_algorithms,https://github.com/medipixel/rl_algorithms,O,,
468,322350492,IntelLabs,bayesian-torch,https://github.com/IntelLabs/bayesian-torch,O,,
475,164441115,eecn,Hyperspectral-Classification,https://github.com/eecn/Hyperspectral-Classification,O,,
479,411286643,Vanint,Awesome-LongTailed-Learning,https://github.com/Vanint/Awesome-LongTailed-Learning,O,,
490,296572233,VICO-UoE,DatasetCondensation,https://github.com/VICO-UoE/DatasetCondensation,O,,
500,399905986,salesforce,warp-drive,https://github.com/salesforce/warp-drive,O,,
501,451958645,yxuansu,SimCTG,https://github.com/yxuansu/SimCTG,O,,
517,167597323,nshaud,DeepHyperX,https://github.com/nshaud/DeepHyperX,O,,
525,256053482,Kaixhin,imitation-learning,https://github.com/Kaixhin/imitation-learning,O,,
530,133702954,vanvalenlab,deepcell-tf,https://github.com/vanvalenlab/deepcell-tf,O,,
540,474895085,DataCanvasIO,YLearn,https://github.com/DataCanvasIO/YLearn,O,,
581,218172200,pranaymanocha,PerceptualAudio,https://github.com/pranaymanocha/PerceptualAudio,O,,
591,388656262,isaaccorley,torchrs,https://github.com/isaaccorley/torchrs,O,,
620,467369884,wenzhu23333,Differential-Privacy-Based-Federated-Learning,https://github.com/wenzhu23333/Differential-Privacy-Based-Federated-Learning,O,,
626,197976875,sciann,sciann,https://github.com/sciann/sciann,O,,
641,246486004,smousavi05,EQTransformer,https://github.com/smousavi05/EQTransformer,O,,
642,163561169,cyoon1729,RLcycle,https://github.com/cyoon1729/RLcycle,O,,
651,276474742,GRAAL-Research,deepparse,https://github.com/GRAAL-Research/deepparse,O,,
662,359149825,alexfrom0815,Online-3D-BPP-DRL,https://github.com/alexfrom0815/Online-3D-BPP-DRL,O,,
667,474736846,gmberton,CosPlace,https://github.com/gmberton/CosPlace,O,,
671,132808324,MillionIntegrals,vel,https://github.com/MillionIntegrals/vel,O,,
678,319149352,LukasZahradnik,PyNeuraLogic,https://github.com/LukasZahradnik/PyNeuraLogic,O,,
702,362618600,IBM,UQ360,https://github.com/IBM/UQ360,O,,
714,456899023,jindongwang,tlbook-code,https://github.com/jindongwang/tlbook-code,O,,
756,449395509,materialsvirtuallab,m3gnet,https://github.com/materialsvirtuallab/m3gnet,O,,
764,197671887,microsoft,aerial_wildlife_detection,https://github.com/microsoft/aerial_wildlife_detection,O,,
768,436458666,yueliu1999,DCRN,https://github.com/yueliu1999/DCRN,O,,
779,169952403,titu1994,tfdiffeq,https://github.com/titu1994/tfdiffeq,O,,
783,433331296,BUPT-GAMMA,GammaGL,https://github.com/BUPT-GAMMA/GammaGL,O,,
788,339115897,michaelsdr,momentumnet,https://github.com/michaelsdr/momentumnet,O,,
810,384517595,Mayurji,Image-Classification-PyTorch,https://github.com/Mayurji/Image-Classification-PyTorch,O,,
834,292764302,pycroscopy,atomai,https://github.com/pycroscopy/atomai,O,,
835,418090129,PatrickZH,DeepCore,https://github.com/PatrickZH/DeepCore,O,,
839,392257931,JingyunLiang,HCFlow,https://github.com/JingyunLiang/HCFlow,O,,
872,293572361,Kohulan,DECIMER-Image_Transformer,https://github.com/Kohulan/DECIMER-Image_Transformer,O,,
900,3987171,kaanaksit,odak,https://github.com/kaanaksit/odak,O,,
911,329090518,VITA-Group,TENAS,https://github.com/VITA-Group/TENAS,O,,
931,169649534,pkorus,neural-imaging,https://github.com/pkorus/neural-imaging,O,,
938,245058427,leijue222,portrait-matting-unet-flask,https://github.com/leijue222/portrait-matting-unet-flask,O,,
1001,431976679,antocad,FocusOnDepth,https://github.com/antocad/FocusOnDepth,O,,
1010,165292565,faroit,python_audio_loading_benchmark,https://github.com/faroit/python_audio_loading_benchmark,O,,
1,83222441,donnemartin,system-design-primer,https://github.com/donnemartin/system-design-primer, ,,
2,21289110,vinta,awesome-python,https://github.com/vinta/awesome-python, ,,
3,21872392,josephmisiti,awesome-machine-learning,https://github.com/josephmisiti/awesome-machine-learning, ,,
4,45723377,charlax,professional-programming,https://github.com/charlax/professional-programming, ,,
5,422274596,hpcaitech,ColossalAI,https://github.com/hpcaitech/ColossalAI, ,,
6,70905478,floodsung,Deep-Learning-Papers-Reading-Roadmap,https://github.com/floodsung/Deep-Learning-Papers-Reading-Roadmap, ,,
7,162405963,gradio-app,gradio,https://github.com/gradio-app/gradio, ,,
8,145670234,open-mmlab,mmdetection,https://github.com/open-mmlab/mmdetection, ,,
9,29749635,donnemartin,data-science-ipython-notebooks,https://github.com/donnemartin/data-science-ipython-notebooks, ,,
10,42625970,HumanSignal,labelImg,https://github.com/HumanSignal/labelImg, ,,
11,65083316,luong-komorebi,Awesome-Linux-Software,https://github.com/luong-komorebi/Awesome-Linux-Software, ,,
12,106024057,pyg-team,pytorch_geometric,https://github.com/pyg-team/pytorch_geometric, ,,
13,240315046,jina-ai,jina,https://github.com/jina-ai/jina, ,,
14,149430917,recommenders-team,recommenders,https://github.com/recommenders-team/recommenders, ,,
15,629102662,haotian-liu,LLaVA,https://github.com/haotian-liu/LLaVA, ,,
16,43425480,wilsonfreitas,awesome-quant,https://github.com/wilsonfreitas/awesome-quant, ,,
18,88285322,hindupuravinash,the-gan-zoo,https://github.com/hindupuravinash/the-gan-zoo, ,,
19,135673451,microsoft,nni,https://github.com/microsoft/nni, ,,
20,130375797,dmlc,dgl,https://github.com/dmlc/dgl, ,,
21,89846872,jindongwang,transferlearning,https://github.com/jindongwang/transferlearning, ,,
22,662028682,graphdeco-inria,gaussian-splatting,https://github.com/graphdeco-inria/gaussian-splatting, ,,
23,95817032,edgedb,edgedb,https://github.com/edgedb/edgedb, ,,
24,44104712,donnemartin,awesome-aws,https://github.com/donnemartin/awesome-aws, ,,
25,92254860,tonybeltramelli,pix2code,https://github.com/tonybeltramelli/pix2code, ,,
26,365517762,xmu-xiaoma666,External-Attention-pytorch,https://github.com/xmu-xiaoma666/External-Attention-pytorch, ,,
27,478823173,lucidrains,DALLE2-pytorch,https://github.com/lucidrains/DALLE2-pytorch, ,,
28,613731840,RUCAIBox,LLMSurvey,https://github.com/RUCAIBox/LLMSurvey, ,,
29,176982014,NVIDIA,Megatron-LM,https://github.com/NVIDIA/Megatron-LM, ,,
30,7040500,falconry,falcon,https://github.com/falconry/falcon, ,,
31,21604505,lauris,awesome-scala,https://github.com/lauris/awesome-scala, ,,
32,547806116,huggingface,text-generation-inference,https://github.com/huggingface/text-generation-inference, ,,
33,125932201,OlafenwaMoses,ImageAI,https://github.com/OlafenwaMoses/ImageAI, ,,
34,191632914,facebookresearch,hydra,https://github.com/facebookresearch/hydra, ,,
35,133717148,yzhao062,anomaly-detection-resources,https://github.com/yzhao062/anomaly-detection-resources, ,,
36,201403923,activeloopai,deeplake,https://github.com/activeloopai/deeplake, ,,
37,495587598,lucidrains,imagen-pytorch,https://github.com/lucidrains/imagen-pytorch, ,,
38,151636194,triton-inference-server,server,https://github.com/triton-inference-server/server, ,,
39,273214029,PaddlePaddle,PaddleGAN,https://github.com/PaddlePaddle/PaddleGAN, ,,
40,129815042,thu-ml,tianshou,https://github.com/thu-ml/tianshou, ,,
41,342728683,replicate,cog,https://github.com/replicate/cog, ,,
42,199509705,autogluon,autogluon,https://github.com/autogluon/autogluon, ,,
43,60626727,tensorlayer,TensorLayer,https://github.com/tensorlayer/TensorLayer, ,,
44,29439879,hellerve,programming-talks,https://github.com/hellerve/programming-talks, ,,
45,788562361,apple,corenet,https://github.com/apple/corenet, ,,
46,88444621,SerpentAI,SerpentAI,https://github.com/SerpentAI/SerpentAI, ,,
47,517552648,modelscope,modelscope,https://github.com/modelscope/modelscope, ,,
48,177023075,firmai,financial-machine-learning,https://github.com/firmai/financial-machine-learning, ,,
49,101052455,likedan,Awesome-CoreML-Models,https://github.com/likedan/Awesome-CoreML-Models, ,,
50,179728393,microsoft,nlp-recipes,https://github.com/microsoft/nlp-recipes, ,,
51,243454957,MingchaoZhu,DeepLearning,https://github.com/MingchaoZhu/DeepLearning, ,,
52,164564630,0xInfection,Awesome-WAF,https://github.com/0xInfection/Awesome-WAF, ,,
53,162015573,EvanLi,Github-Ranking,https://github.com/EvanLi/Github-Ranking, ,,
54,65851975,yahoo,open_nsfw,https://github.com/yahoo/open_nsfw, ,,
55,57182702,aymericdamien,TopDeepLearning,https://github.com/aymericdamien/TopDeepLearning, ,,
56,122896249,dmlc,gluon-cv,https://github.com/dmlc/gluon-cv, ,,
57,100464123,microsoft,MMdnn,https://github.com/microsoft/MMdnn, ,,
58,23389271,tyiannak,pyAudioAnalysis,https://github.com/tyiannak/pyAudioAnalysis, ,,
59,167349656,FederatedAI,FATE,https://github.com/FederatedAI/FATE, ,,
60,327113050,lucidrains,DALLE-pytorch,https://github.com/lucidrains/DALLE-pytorch, ,,
61,181846371,MIC-DKFZ,nnUNet,https://github.com/MIC-DKFZ/nnUNet, ,,
62,278003645,open-mmlab,mmpose,https://github.com/open-mmlab/mmpose, ,,
63,157588610,rtqichen,torchdiffeq,https://github.com/rtqichen/torchdiffeq, ,,
64,299644773,Turing-Project,WriteGPT,https://github.com/Turing-Project/WriteGPT, ,,
65,80920452,nwojke,deep_sort,https://github.com/nwojke/deep_sort, ,,
66,79848747,ticarpi,jwt_tool,https://github.com/ticarpi/jwt_tool, ,,
67,43759462,ujjwalkarn,DataSciencePython,https://github.com/ujjwalkarn/DataSciencePython, ,,
68,147583941,crytic,slither,https://github.com/crytic/slither, ,,
69,194306461,yuanxiaosc,DeepImage-an-Image-to-Image-technology,https://github.com/yuanxiaosc/DeepImage-an-Image-to-Image-technology, ,,
70,113166974,guofei9987,scikit-opt,https://github.com/guofei9987/scikit-opt, ,,
71,253975496,srbhr,Resume-Matcher,https://github.com/srbhr/Resume-Matcher, ,,
72,204734444,pytorch,captum,https://github.com/pytorch/captum, ,,
73,80492172,charlesq34,pointnet,https://github.com/charlesq34/pointnet, ,,
74,646333922,OpenBMB,ToolBench,https://github.com/OpenBMB/ToolBench, ,,
75,188584527,lonePatient,awesome-pretrained-chinese-nlp-models,https://github.com/lonePatient/awesome-pretrained-chinese-nlp-models, ,,
76,164380611,instillai,deep-learning-roadmap,https://github.com/instillai/deep-learning-roadmap, ,,
77,810449821,adithya-s-k,omniparse,https://github.com/adithya-s-k/omniparse, ,,
78,111835796,pytorch,ignite,https://github.com/pytorch/ignite, ,,
80,468601503,TJU-DRL-LAB,AI-Optimizer,https://github.com/TJU-DRL-LAB/AI-Optimizer, ,,
81,306980630,lucidrains,x-transformers,https://github.com/lucidrains/x-transformers, ,,
82,332736941,XuehaiPan,nvitop,https://github.com/XuehaiPan/nvitop, ,,
84,42395733,phodal,awesome-iot,https://github.com/phodal/awesome-iot, ,,
85,124800162,KaiyangZhou,deep-person-reid,https://github.com/KaiyangZhou/deep-person-reid, ,,
86,259513732,PaddlePaddle,PaddleRec,https://github.com/PaddlePaddle/PaddleRec, ,,
87,534370412,nv-tlabs,GET3D,https://github.com/nv-tlabs/GET3D, ,,
88,89074562,weiaicunzai,pytorch-cifar100,https://github.com/weiaicunzai/pytorch-cifar100, ,,
89,64534859,cirosantilli,linux-kernel-module-cheat,https://github.com/cirosantilli/linux-kernel-module-cheat, ,,
90,153097694,openvinotoolkit,open_model_zoo,https://github.com/openvinotoolkit/open_model_zoo, ,,
91,510161994,facundoolano,software-papers,https://github.com/facundoolano/software-papers, ,,
93,223357324,CLUEbenchmark,CLUE,https://github.com/CLUEbenchmark/CLUE, ,,
95,266895706,kelvins,awesome-mlops,https://github.com/kelvins/awesome-mlops, ,,
96,256262711,huangrt01,CS-Notes,https://github.com/huangrt01/CS-Notes, ,,
97,189437648,JunMa11,SegLossOdyssey,https://github.com/JunMa11/SegLossOdyssey, ,,
98,97159209,TarrySingh,Artificial-Intelligence-Deep-Learning-Machine-Learning-Tutorials,https://github.com/TarrySingh/Artificial-Intelligence-Deep-Learning-Machine-Learning-Tutorials, ,,
100,625274957,hiyouga,ChatGLM-Efficient-Tuning,https://github.com/hiyouga/ChatGLM-Efficient-Tuning, ,,
101,98565575,facebookresearch,ReAgent,https://github.com/facebookresearch/ReAgent, ,,
102,327949189,mindee,doctr,https://github.com/mindee/doctr, ,,
103,617219182,Kent0n-Li,ChatDoctor,https://github.com/Kent0n-Li/ChatDoctor, ,,
104,164046740,ZhaoJ9014,face.evoLVe,https://github.com/ZhaoJ9014/face.evoLVe, ,,
105,455982203,paperswithbacktest,awesome-systematic-trading,https://github.com/paperswithbacktest/awesome-systematic-trading, ,,
106,564082244,swaggyP36000,TrollStore-IPAs,https://github.com/swaggyP36000/TrollStore-IPAs, ,,
107,390401992,salesforce,Merlion,https://github.com/salesforce/Merlion, ,,
108,325758114,DingXiaoH,RepVGG,https://github.com/DingXiaoH/RepVGG, ,,
111,88890801,tensorlayer,SRGAN,https://github.com/tensorlayer/SRGAN, ,,
112,137962296,llSourcell,learn_math_fast,https://github.com/llSourcell/learn_math_fast, ,,
113,324336022,anushka23g,Complete-Placement-Preparation,https://github.com/anushka23g/Complete-Placement-Preparation, ,,
114,144504350,astorfi,Deep-Learning-Roadmap,https://github.com/astorfi/Deep-Learning-Roadmap, ,,
115,346188421,opengeos,leafmap,https://github.com/opengeos/leafmap, ,,
116,180372347,HRNet,HRNet-Semantic-Segmentation,https://github.com/HRNet/HRNet-Semantic-Segmentation, ,,
117,385532537,towhee-io,towhee,https://github.com/towhee-io/towhee, ,,
118,825429436,lllyasviel,Paints-UNDO,https://github.com/lllyasviel/Paints-UNDO, ,,
119,124146367,adambielski,siamese-triplet,https://github.com/adambielski/siamese-triplet, ,,
120,85847327,xinghaochen,awesome-hand-pose-estimation,https://github.com/xinghaochen/awesome-hand-pose-estimation, ,,
121,153490452,sgrvinod,a-PyTorch-Tutorial-to-Object-Detection,https://github.com/sgrvinod/a-PyTorch-Tutorial-to-Object-Detection, ,,
122,321426168,neuralmagic,deepsparse,https://github.com/neuralmagic/deepsparse, ,,
124,298980599,Charmve,Surface-Defect-Detection,https://github.com/Charmve/Surface-Defect-Detection, ,,
125,72790118,jekil,awesome-hacking,https://github.com/jekil/awesome-hacking, ,,
126,537972211,open-mmlab,mmyolo,https://github.com/open-mmlab/mmyolo, ,,
127,438303578,docarray,docarray,https://github.com/docarray/docarray, ,,
128,382787545,opendilab,DI-engine,https://github.com/opendilab/DI-engine, ,,
130,141209050,RhinoSecurityLabs,cloudgoat,https://github.com/RhinoSecurityLabs/cloudgoat, ,,
131,86332745,yfeng95,GAN,https://github.com/yfeng95/GAN, ,,
132,233910136,magenta,ddsp,https://github.com/magenta/ddsp, ,,
133,629789089,opengeos,segment-geospatial,https://github.com/opengeos/segment-geospatial, ,,
134,91730359,GoogleCloudPlatform,professional-services,https://github.com/GoogleCloudPlatform/professional-services, ,,
135,155518202,Tencent,PocketFlow,https://github.com/Tencent/PocketFlow, ,,
136,160251929,tensorflow,ranking,https://github.com/tensorflow/ranking, ,,
137,195106258,SuperCV,Book,https://github.com/SuperCV/Book, ,,
138,673412924,modelscope,swift,https://github.com/modelscope/swift, ,,
139,202577283,resemble-ai,Resemblyzer,https://github.com/resemble-ai/Resemblyzer, ,,
140,743460469,hustvl,Vim,https://github.com/hustvl/Vim, ,,
141,396609706,salesforce,CodeT5,https://github.com/salesforce/CodeT5, ,,
142,203677928,mhxion,awesome-discord-communities,https://github.com/mhxion/awesome-discord-communities, ,,
143,104916606,cybertronai,gradient-checkpointing,https://github.com/cybertronai/gradient-checkpointing, ,,
144,148087762,georgia-tech-db,evadb,https://github.com/georgia-tech-db/evadb, ,,
145,110852412,Farama-Foundation,HighwayEnv,https://github.com/Farama-Foundation/HighwayEnv, ,,
146,19918845,jamesmawm,High-Frequency-Trading-Model-with-IB,https://github.com/jamesmawm/High-Frequency-Trading-Model-with-IB, ,,
147,162696927,ShawnBIT,UNet-family,https://github.com/ShawnBIT/UNet-family, ,,
148,118840360,rail-berkeley,rlkit,https://github.com/rail-berkeley/rlkit, ,,
149,436510608,deepdoctection,deepdoctection,https://github.com/deepdoctection/deepdoctection, ,,
150,477570603,gmh5225,awesome-game-security,https://github.com/gmh5225/awesome-game-security, ,,
152,369428935,microsoft,torchgeo,https://github.com/microsoft/torchgeo, ,,
153,145761123,Trusted-AI,AIF360,https://github.com/Trusted-AI/AIF360, ,,
154,186166778,benedekrozemberczki,awesome-decision-tree-papers,https://github.com/benedekrozemberczki/awesome-decision-tree-papers, ,,
155,134691520,china-testing,python-api-tesing,https://github.com/china-testing/python-api-tesing, ,,
156,174076842,zhulf0804,3D-PointCloud,https://github.com/zhulf0804/3D-PointCloud, ,,
157,6501727,swaroopch,byte-of-python,https://github.com/swaroopch/byte-of-python, ,,
158,153077001,D-X-Y,Awesome-AutoDL,https://github.com/D-X-Y/Awesome-AutoDL, ,,
159,129936360,PennyLaneAI,pennylane,https://github.com/PennyLaneAI/pennylane, ,,
160,775822419,Filimoa,open-parse,https://github.com/Filimoa/open-parse, ,,
161,161199191,Separius,awesome-sentence-embedding,https://github.com/Separius/awesome-sentence-embedding, ,,
162,779669964,aixcoder-plugin,aiXcoder-7B,https://github.com/aixcoder-plugin/aiXcoder-7B, ,,
163,170580540,pyro-ppl,numpyro,https://github.com/pyro-ppl/numpyro, ,,
164,298459550,HiLab-git,SSL4MIS,https://github.com/HiLab-git/SSL4MIS, ,,
165,178800521,switchablenorms,CelebAMask-HQ,https://github.com/switchablenorms/CelebAMask-HQ, ,,
166,371257414,microsoft,Graphormer,https://github.com/microsoft/Graphormer, ,,
167,224148738,fepegar,torchio,https://github.com/fepegar/torchio, ,,
170,268292479,ivan-bilan,The-NLP-Pandect,https://github.com/ivan-bilan/The-NLP-Pandect, ,,
171,369537808,alibaba,AliceMind,https://github.com/alibaba/AliceMind, ,,
172,89960611,13o-bbr-bbq,machine_learning_security,https://github.com/13o-bbr-bbq/machine_learning_security, ,,
173,108992863,r9y9,deepvoice3_pytorch,https://github.com/r9y9/deepvoice3_pytorch, ,,
174,223495162,snap-stanford,ogb,https://github.com/snap-stanford/ogb, ,,
175,357891182,open-mmlab,mmgeneration,https://github.com/open-mmlab/mmgeneration, ,,
176,80655163,ellisdg,3DUnetCNN,https://github.com/ellisdg/3DUnetCNN, ,,
177,250979951,ZiyaoGeng,RecLearn,https://github.com/ZiyaoGeng/RecLearn, ,,
178,479118982,aolofsson,awesome-opensource-hardware,https://github.com/aolofsson/awesome-opensource-hardware, ,,
179,161322880,ahmedfgad,GeneticAlgorithmPython,https://github.com/ahmedfgad/GeneticAlgorithmPython, ,,
180,146686946,zengyh1900,Awesome-Image-Inpainting,https://github.com/zengyh1900/Awesome-Image-Inpainting, ,,
181,139912879,kk7nc,Text_Classification,https://github.com/kk7nc/Text_Classification, ,,
182,53414649,mpatacchiola,deepgaze,https://github.com/mpatacchiola/deepgaze, ,,
183,69593303,CppCon,CppCon2017,https://github.com/CppCon/CppCon2017, ,,
184,179858671,luigifreda,pyslam,https://github.com/luigifreda/pyslam, ,,
185,623751571,ytongbai,LVM,https://github.com/ytongbai/LVM, ,,
186,176315637,THUDM,CogDL,https://github.com/THUDM/CogDL, ,,
187,606266313,apple,axlearn,https://github.com/apple/axlearn, ,,
188,198412763,black0017,MedicalZooPytorch,https://github.com/black0017/MedicalZooPytorch, ,,
189,106151231,thunlp,OpenNE,https://github.com/thunlp/OpenNE, ,,
190,151904296,VivekPa,AIAlpha,https://github.com/VivekPa/AIAlpha, ,,
191,280043130,graph4ai,graph4nlp,https://github.com/graph4ai/graph4nlp, ,,
192,125444399,mbadry1,Top-Deep-Learning,https://github.com/mbadry1/Top-Deep-Learning, ,,
193,167628014,chemprop,chemprop,https://github.com/chemprop/chemprop, ,,
194,112059219,victordibia,handtracking,https://github.com/victordibia/handtracking, ,,
195,137240967,NVlabs,PWC-Net,https://github.com/NVlabs/PWC-Net, ,,
196,157896616,LIAAD,yake,https://github.com/LIAAD/yake, ,,
197,89620113,DT42,BerryNet,https://github.com/DT42/BerryNet, ,,
198,182781810,msgi,nlp-journey,https://github.com/msgi/nlp-journey, ,,
199,188821801,benedekrozemberczki,awesome-fraud-detection-papers,https://github.com/benedekrozemberczki/awesome-fraud-detection-papers, ,,
200,349947919,Thinklab-SJTU,awesome-ml4co,https://github.com/Thinklab-SJTU/awesome-ml4co, ,,
201,60142885,ml4a,ml4a,https://github.com/ml4a/ml4a, ,,
202,40656806,maxpumperla,elephas,https://github.com/maxpumperla/elephas, ,,
203,191286408,PaddlePaddle,PGL,https://github.com/PaddlePaddle/PGL, ,,
204,706012006,Kedreamix,Linly-Talker,https://github.com/Kedreamix/Linly-Talker, ,,
205,393489989,mikeroyal,Digital-Forensics-Guide,https://github.com/mikeroyal/Digital-Forensics-Guide, ,,
206,113194336,mbadry1,CS231n-2017-Summary,https://github.com/mbadry1/CS231n-2017-Summary, ,,
207,646974749,AlanChen4,Summer-2024-SWE-Internships,https://github.com/AlanChen4/Summer-2024-SWE-Internships, ,,
208,267196339,ChandlerBang,awesome-self-supervised-gnn,https://github.com/ChandlerBang/awesome-self-supervised-gnn, ,,
209,263163293,google-research,big_transfer,https://github.com/google-research/big_transfer, ,,
210,190989157,thunlp,TAADpapers,https://github.com/thunlp/TAADpapers, ,,
211,147035039,juand-r,entity-recognition-datasets,https://github.com/juand-r/entity-recognition-datasets, ,,
212,394994747,jina-ai,finetuner,https://github.com/jina-ai/finetuner, ,,
213,181388576,microsoft,NeuronBlocks,https://github.com/microsoft/NeuronBlocks, ,,
214,769149672,LLaVA-VL,LLaVA-NeXT,https://github.com/LLaVA-VL/LLaVA-NeXT, ,,
215,90050085,DLTK,DLTK,https://github.com/DLTK/DLTK, ,,
216,280026201,google,uncertainty-baselines,https://github.com/google/uncertainty-baselines, ,,
217,311379516,capitalone,DataProfiler,https://github.com/capitalone/DataProfiler, ,,
218,494658282,youngfish42,Awesome-FL,https://github.com/youngfish42/Awesome-FL, ,,
219,56639410,DragonComputer,Dragonfire,https://github.com/DragonComputer/Dragonfire, ,,
220,34814001,trailofbits,publications,https://github.com/trailofbits/publications, ,,
221,675859069,IAHispano,Applio,https://github.com/IAHispano/Applio, ,,
222,206429675,microsoft,AI,https://github.com/microsoft/AI, ,,
223,293218224,guyulongcs,Awesome-Deep-Learning-Papers-for-Search-Recommendation-Advertising,https://github.com/guyulongcs/Awesome-Deep-Learning-Papers-for-Search-Recommendation-Advertising, ,,
224,227366838,janosh,awesome-normalizing-flows,https://github.com/janosh/awesome-normalizing-flows, ,,
225,101113923,yangyanli,PointCNN,https://github.com/yangyanli/PointCNN, ,,
226,225903949,tum-pbs,PhiFlow,https://github.com/tum-pbs/PhiFlow, ,,
227,102089807,fendouai,Awesome-TensorFlow-Chinese,https://github.com/fendouai/Awesome-TensorFlow-Chinese, ,,
228,290870599,qxresearch,qxresearch-event-1,https://github.com/qxresearch/qxresearch-event-1, ,,
229,204839594,HRNet,HigherHRNet-Human-Pose-Estimation,https://github.com/HRNet/HigherHRNet-Human-Pose-Estimation, ,,
230,33984438,karolpiczak,ESC-50,https://github.com/karolpiczak/ESC-50, ,,
231,292225878,TsingZ0,PFLlib,https://github.com/TsingZ0/PFLlib, ,,
232,94945792,toolleeo,cli-apps,https://github.com/toolleeo/cli-apps, ,,
233,154900564,facebookresearch,fastMRI,https://github.com/facebookresearch/fastMRI, ,,
234,199870084,Eurus-Holmes,Awesome-Multimodal-Research,https://github.com/Eurus-Holmes/Awesome-Multimodal-Research, ,,
235,429607784,pygod-team,pygod,https://github.com/pygod-team/pygod, ,,
236,174281291,PolyAI-LDN,conversational-datasets,https://github.com/PolyAI-LDN/conversational-datasets, ,,
237,65546193,orobix,retina-unet,https://github.com/orobix/retina-unet, ,,
238,324749860,amrzv,awesome-colab-notebooks,https://github.com/amrzv/awesome-colab-notebooks, ,,
239,89568797,shicai,MobileNet-Caffe,https://github.com/shicai/MobileNet-Caffe, ,,
240,97002861,ljvmiranda921,pyswarms,https://github.com/ljvmiranda921/pyswarms, ,,
241,737696911,a-real-ai,pywinassistant,https://github.com/a-real-ai/pywinassistant, ,,
242,427079067,pypose,pypose,https://github.com/pypose/pypose, ,,
243,200645982,ShannonAI,service-streamer,https://github.com/ShannonAI/service-streamer, ,,
244,109533627,hunkim,deep_architecture_genealogy,https://github.com/hunkim/deep_architecture_genealogy, ,,
245,278384289,bgavran,Category_Theory_Machine_Learning,https://github.com/bgavran/Category_Theory_Machine_Learning, ,,
246,216756473,GeorgeDu,vision-based-robotic-grasping,https://github.com/GeorgeDu/vision-based-robotic-grasping, ,,
247,160139764,rail-berkeley,softlearning,https://github.com/rail-berkeley/softlearning, ,,
248,307191665,obsei,obsei,https://github.com/obsei/obsei, ,,
249,113516939,liyaguang,DCRNN,https://github.com/liyaguang/DCRNN, ,,
250,525251235,tangxyw,RecSysPapers,https://github.com/tangxyw/RecSysPapers, ,,
251,293036210,DengBoCong,nlp-paper,https://github.com/DengBoCong/nlp-paper, ,,
252,24829371,mila-iqia,blocks,https://github.com/mila-iqia/blocks, ,,
254,623499246,soulteary,docker-prompt-generator,https://github.com/soulteary/docker-prompt-generator, ,,
255,198853610,PengyiZhang,SlimYOLOv3,https://github.com/PengyiZhang/SlimYOLOv3, ,,
256,154843614,openvinotoolkit,training_extensions,https://github.com/openvinotoolkit/training_extensions, ,,
257,761236129,mini-sora,minisora,https://github.com/mini-sora/minisora, ,,
258,59907561,Cloud-CV,Fabrik,https://github.com/Cloud-CV/Fabrik, ,,
259,116226076,talkpython,mastering-pycharm-course,https://github.com/talkpython/mastering-pycharm-course, ,,
260,339353336,freeCodeCamp,awesome-quincy-larson-emails,https://github.com/freeCodeCamp/awesome-quincy-larson-emails, ,,
261,135559956,sentinel-hub,eo-learn,https://github.com/sentinel-hub/eo-learn, ,,
262,296615591,abhishek-ch,around-dataengineering,https://github.com/abhishek-ch/around-dataengineering, ,,
263,396518665,mikeroyal,Photogrammetry-Guide,https://github.com/mikeroyal/Photogrammetry-Guide, ,,
264,625876964,open-mmlab,playground,https://github.com/open-mmlab/playground, ,,
265,216051909,nfstream,nfstream,https://github.com/nfstream/nfstream, ,,
266,195163550,Res2Net,Res2Net-PretrainedModels,https://github.com/Res2Net/Res2Net-PretrainedModels, ,,
267,101236992,flow-project,flow,https://github.com/flow-project/flow, ,,
268,104710554,MaybeShewill-CV,CRNN_Tensorflow,https://github.com/MaybeShewill-CV/CRNN_Tensorflow, ,,
269,182054091,getkeops,keops,https://github.com/getkeops/keops, ,,
270,180372680,HRNet,HRNet-Facial-Landmark-Detection,https://github.com/HRNet/HRNet-Facial-Landmark-Detection, ,,
271,255074156,ayoolaolafenwa,PixelLib,https://github.com/ayoolaolafenwa/PixelLib, ,,
272,110565580,microsoft,gated-graph-neural-network-samples,https://github.com/microsoft/gated-graph-neural-network-samples, ,,
273,627261340,FreedomIntelligence,HuatuoGPT,https://github.com/FreedomIntelligence/HuatuoGPT, ,,
274,57151909,deepmedic,deepmedic,https://github.com/deepmedic/deepmedic, ,,
275,181554939,videoflow,videoflow,https://github.com/videoflow/videoflow, ,,
276,65410692,unrealcv,synthetic-computer-vision,https://github.com/unrealcv/synthetic-computer-vision, ,,
277,433516569,yuval-alaluf,hyperstyle,https://github.com/yuval-alaluf/hyperstyle, ,,
278,288539712,NVlabs,NVAE,https://github.com/NVlabs/NVAE, ,,
279,547667434,opendilab,LightZero,https://github.com/opendilab/LightZero, ,,
280,186163475,benedekrozemberczki,awesome-gradient-boosting-papers,https://github.com/benedekrozemberczki/awesome-gradient-boosting-papers, ,,
281,562036379,MedicineToken,MedSegDiff,https://github.com/MedicineToken/MedSegDiff, ,,
282,192620864,uber-archive,plato-research-dialogue-system,https://github.com/uber-archive/plato-research-dialogue-system, ,,
283,108328408,maxpumperla,deep_learning_and_the_game_of_go,https://github.com/maxpumperla/deep_learning_and_the_game_of_go, ,,
284,180518813,HRNet,HRNet-Image-Classification,https://github.com/HRNet/HRNet-Image-Classification, ,,
285,109284053,openfaas,workshop,https://github.com/openfaas/workshop, ,,
286,99671701,movidius,ncappzoo,https://github.com/movidius/ncappzoo, ,,
287,81520737,joeddav,devol,https://github.com/joeddav/devol, ,,
288,104583244,jonkhler,s2cnn,https://github.com/jonkhler/s2cnn, ,,
289,96211155,gempy-project,gempy,https://github.com/gempy-project/gempy, ,,
290,411115408,PKU-TANGENT,nlp-tutorial,https://github.com/PKU-TANGENT/nlp-tutorial, ,,
291,2038135,echen,restricted-boltzmann-machines,https://github.com/echen/restricted-boltzmann-machines, ,,
292,231077707,yinyunie,3D-Shape-Analysis-Paper-List,https://github.com/yinyunie/3D-Shape-Analysis-Paper-List, ,,
293,572620767,ExtensityAI,symbolicai,https://github.com/ExtensityAI/symbolicai, ,,
295,114832696,thoughtworksarts,EmoPy,https://github.com/thoughtworksarts/EmoPy, ,,
296,111204713,mrakgr,The-Spiral-Language,https://github.com/mrakgr/The-Spiral-Language, ,,
297,647754741,snwfdhmp,awesome-gpt-prompt-engineering,https://github.com/snwfdhmp/awesome-gpt-prompt-engineering, ,,
298,55444998,songgc,TF-recomm,https://github.com/songgc/TF-recomm, ,,
299,171135219,qiaoguan,deep-ctr-prediction,https://github.com/qiaoguan/deep-ctr-prediction, ,,
300,686948172,DmitryRyumin,ICCV-2023-Papers,https://github.com/DmitryRyumin/ICCV-2023-Papers, ,,
301,115538244,lopusz,awesome-interpretable-machine-learning,https://github.com/lopusz/awesome-interpretable-machine-learning, ,,
302,120153084,lucasjinreal,alfred,https://github.com/lucasjinreal/alfred, ,,
303,96006792,kevingo,system-design-primer-zh-tw,https://github.com/kevingo/system-design-primer-zh-tw, ,,
304,128145722,andyzeng,visual-pushing-grasping,https://github.com/andyzeng/visual-pushing-grasping, ,,
305,237742797,jankrepl,deepdow,https://github.com/jankrepl/deepdow, ,,
306,475477908,WenjieDu,PyPOTS,https://github.com/WenjieDu/PyPOTS, ,,
307,63911620,Guanghan,ROLO,https://github.com/Guanghan/ROLO, ,,
308,473188634,zama-ai,concrete-ml,https://github.com/zama-ai/concrete-ml, ,,
309,567281014,awslabs,fortuna,https://github.com/awslabs/fortuna, ,,
310,370646033,BaguaSys,bagua,https://github.com/BaguaSys/bagua, ,,
311,139953476,easezyc,deep-transfer-learning,https://github.com/easezyc/deep-transfer-learning, ,,
312,412126778,reczoo,FuxiCTR,https://github.com/reczoo/FuxiCTR, ,,
313,322270485,graphdeeplearning,graphtransformer,https://github.com/graphdeeplearning/graphtransformer, ,,
314,211948492,baal-org,baal,https://github.com/baal-org/baal, ,,
315,141242285,PreferredAI,cornac,https://github.com/PreferredAI/cornac, ,,
316,292165029,alibaba,EasyTransfer,https://github.com/alibaba/EasyTransfer, ,,
317,243782399,cszn,USRNet,https://github.com/cszn/USRNet, ,,
318,400528139,tinkoff-ai,etna,https://github.com/tinkoff-ai/etna, ,,
319,586233738,botesjuan,Burp-Suite-Certified-Practitioner-Exam-Study,https://github.com/botesjuan/Burp-Suite-Certified-Practitioner-Exam-Study, ,,
320,236841928,aws,aws-graviton-getting-started,https://github.com/aws/aws-graviton-getting-started, ,,
321,593782352,NVIDIA,modulus,https://github.com/NVIDIA/modulus, ,,
322,247671009,thieu1995,mealpy,https://github.com/thieu1995/mealpy, ,,
323,289523033,JohnSnowLabs,nlu,https://github.com/JohnSnowLabs/nlu, ,,
324,273667533,huawei-noah,vega,https://github.com/huawei-noah/vega, ,,
325,109418434,shubhomoydas,ad_examples,https://github.com/shubhomoydas/ad_examples, ,,
326,415020649,Vincentqyw,cv-arxiv-daily,https://github.com/Vincentqyw/cv-arxiv-daily, ,,
327,748890475,piercefreeman,mountaineer,https://github.com/piercefreeman/mountaineer, ,,
328,138102346,sadighian,crypto-rl,https://github.com/sadighian/crypto-rl, ,,
329,620082084,WangRongsheng,ChatGenTitle,https://github.com/WangRongsheng/ChatGenTitle, ,,
330,500084281,Minqi824,ADBench,https://github.com/Minqi824/ADBench, ,,
331,200759999,DingXiaoH,ACNet,https://github.com/DingXiaoH/ACNet, ,,
332,163993394,ShawnyXiao,TextClassification-Keras,https://github.com/ShawnyXiao/TextClassification-Keras, ,,
333,4830434,hermanhermitage,videocoreiv,https://github.com/hermanhermitage/videocoreiv, ,,
334,74182569,deepgram,kur,https://github.com/deepgram/kur, ,,
335,394181860,idrl-lab,PINNpapers,https://github.com/idrl-lab/PINNpapers, ,,
336,106310629,githubharald,CTCDecoder,https://github.com/githubharald/CTCDecoder, ,,
337,38389012,charlax,python-education,https://github.com/charlax/python-education, ,,
338,206839844,Thinklab-SJTU,ThinkMatch,https://github.com/Thinklab-SJTU/ThinkMatch, ,,
339,314704349,PaddlePaddle,PaddleHelix,https://github.com/PaddlePaddle/PaddleHelix, ,,
340,60138482,kundajelab,deeplift,https://github.com/kundajelab/deeplift, ,,
341,395674127,murufeng,awesome_lightweight_networks,https://github.com/murufeng/awesome_lightweight_networks, ,,
342,173234868,geekyutao,Image-Inpainting,https://github.com/geekyutao/Image-Inpainting, ,,
343,665169534,OTFCG,Awesome-Game-Analysis,https://github.com/OTFCG/Awesome-Game-Analysis, ,,
344,447136192,Sense-X,UniFormer,https://github.com/Sense-X/UniFormer, ,,
345,131947745,ej0cl6,deep-active-learning,https://github.com/ej0cl6/deep-active-learning, ,,
346,233721276,dxli94,WLASL,https://github.com/dxli94/WLASL, ,,
347,67670269,YerevaNN,mimic3-benchmarks,https://github.com/YerevaNN/mimic3-benchmarks, ,,
348,192405566,benedekrozemberczki,ClusterGCN,https://github.com/benedekrozemberczki/ClusterGCN, ,,
349,146885631,pranz24,pytorch-soft-actor-critic,https://github.com/pranz24/pytorch-soft-actor-critic, ,,
350,409216041,kahst,BirdNET-Analyzer,https://github.com/kahst/BirdNET-Analyzer, ,,
351,675887592,LiZhengXiao99,Navigation-Learning,https://github.com/LiZhengXiao99/Navigation-Learning, ,,
352,431496624,yueliu1999,Awesome-Deep-Graph-Clustering,https://github.com/yueliu1999/Awesome-Deep-Graph-Clustering, ,,
353,113267829,guanfuchen,semseg,https://github.com/guanfuchen/semseg, ,,
354,92664599,kozistr,Awesome-GANs,https://github.com/kozistr/Awesome-GANs, ,,
355,71961530,kaonashi-tyc,Rewrite,https://github.com/kaonashi-tyc/Rewrite, ,,
356,147224878,atomistic-machine-learning,schnetpack,https://github.com/atomistic-machine-learning/schnetpack, ,,
357,71506455,ayushoriginal,Sentiment-Analysis-Twitter,https://github.com/ayushoriginal/Sentiment-Analysis-Twitter, ,,
358,403829741,PaddlePaddle,RocketQA,https://github.com/PaddlePaddle/RocketQA, ,,
359,151186173,kymatio,kymatio,https://github.com/kymatio/kymatio, ,,
361,55712155,hidasib,GRU4Rec,https://github.com/hidasib/GRU4Rec, ,,
362,714409040,disler,multi-agent-postgres-data-analytics,https://github.com/disler/multi-agent-postgres-data-analytics, ,,
363,320460952,mit-han-lab,tinyml,https://github.com/mit-han-lab/tinyml, ,,
364,51836040,StijnMiroslav,top-starred-devs-and-repos-to-follow,https://github.com/StijnMiroslav/top-starred-devs-and-repos-to-follow, ,,
365,202476819,AzatAI,cs_books,https://github.com/AzatAI/cs_books, ,,
366,185484668,Guanghan,lighttrack,https://github.com/Guanghan/lighttrack, ,,
367,37345937,crazyhottommy,ChIP-seq-analysis,https://github.com/crazyhottommy/ChIP-seq-analysis, ,,
368,125590460,linksense,LightNet,https://github.com/linksense/LightNet, ,,
369,181688929,xavysp,DexiNed,https://github.com/xavysp/DexiNed, ,,
370,128013461,je-suis-tm,web-scraping,https://github.com/je-suis-tm/web-scraping, ,,
371,203811620,rapidsai,cusignal,https://github.com/rapidsai/cusignal, ,,
372,95964940,firmianay,security-paper,https://github.com/firmianay/security-paper, ,,
373,180826719,stevenygd,PointFlow,https://github.com/stevenygd/PointFlow, ,,
374,272108471,chrieke,awesome-geospatial-companies,https://github.com/chrieke/awesome-geospatial-companies, ,,
375,284084737,YimianDai,open-aff,https://github.com/YimianDai/open-aff, ,,
376,258124207,awslabs,dgl-lifesci,https://github.com/awslabs/dgl-lifesci, ,,
377,176374098,larq,larq,https://github.com/larq/larq, ,,
378,639490725,kuleshov-group,llmtools,https://github.com/kuleshov-group/llmtools, ,,
380,223415751,safe-graph,DGFraud,https://github.com/safe-graph/DGFraud, ,,
381,193898092,stepjam,PyRep,https://github.com/stepjam/PyRep, ,,
382,154412076,intel,ai-reference-models,https://github.com/intel/ai-reference-models, ,,
383,73790321,cauchyturing,UCR_Time_Series_Classification_Deep_Learning_Baseline,https://github.com/cauchyturing/UCR_Time_Series_Classification_Deep_Learning_Baseline, ,,
385,121932004,omerbsezer,LSTM_RNN_Tutorials_with_Demo,https://github.com/omerbsezer/LSTM_RNN_Tutorials_with_Demo, ,,
386,177415822,cisco,mindmeld,https://github.com/cisco/mindmeld, ,,
387,374368098,openspeech-team,openspeech,https://github.com/openspeech-team/openspeech, ,,
389,156307876,liaoxiong3x,DeepCreamPy,https://github.com/liaoxiong3x/DeepCreamPy, ,,
390,117385390,TianhongDai,reinforcement-learning-algorithms,https://github.com/TianhongDai/reinforcement-learning-algorithms, ,,
391,248690852,DataCanvasIO,DeepTables,https://github.com/DataCanvasIO/DeepTables, ,,
392,327025589,PruneTruong,DenseMatching,https://github.com/PruneTruong/DenseMatching, ,,
393,627240200,PharMolix,OpenBioMed,https://github.com/PharMolix/OpenBioMed, ,,
395,798932873,adithya-s-k,marker-api,https://github.com/adithya-s-k/marker-api, ,,
396,326374508,mostafatouny,awesome-theoretical-computer-science,https://github.com/mostafatouny/awesome-theoretical-computer-science, ,,
397,473506511,meta-soul,MetaSpore,https://github.com/meta-soul/MetaSpore, ,,
398,162187816,LIVIAETS,boundary-loss,https://github.com/LIVIAETS/boundary-loss, ,,
399,342885422,qiskit-community,qiskit-machine-learning,https://github.com/qiskit-community/qiskit-machine-learning, ,,
400,258477446,microsoft,DiscoFaceGAN,https://github.com/microsoft/DiscoFaceGAN, ,,
401,43489539,UKPLab,deeplearning4nlp-tutorial,https://github.com/UKPLab/deeplearning4nlp-tutorial, ,,
402,205158640,chrischoy,FCGF,https://github.com/chrischoy/FCGF, ,,
403,126902549,mbadry1,Trending-Deep-Learning,https://github.com/mbadry1/Trending-Deep-Learning, ,,
405,191923503,acmbpdc,openlib.cs,https://github.com/acmbpdc/openlib.cs, ,,
406,64122944,cerndb,dist-keras,https://github.com/cerndb/dist-keras, ,,
407,112321712,chainer,chainer-chemistry,https://github.com/chainer/chainer-chemistry, ,,
408,114732346,yinguobing,cnn-facial-landmark,https://github.com/yinguobing/cnn-facial-landmark, ,,
409,198997104,tensorlayer,RLzoo,https://github.com/tensorlayer/RLzoo, ,,
410,313700156,sophos,SOREL-20M,https://github.com/sophos/SOREL-20M, ,,
411,102471571,umbertogriffo,Predictive-Maintenance-using-LSTM,https://github.com/umbertogriffo/Predictive-Maintenance-using-LSTM, ,,
412,411337492,wenet-e2e,wespeaker,https://github.com/wenet-e2e/wespeaker, ,,
413,293755225,opendr-eu,opendr,https://github.com/opendr-eu/opendr, ,,
414,212275874,oarriaga,paz,https://github.com/oarriaga/paz, ,,
415,177594519,shamangary,FSA-Net,https://github.com/shamangary/FSA-Net, ,,
416,236909723,OverLordGoldDragon,ssqueezepy,https://github.com/OverLordGoldDragon/ssqueezepy, ,,
418,51442999,python-cmd2,cmd2,https://github.com/python-cmd2/cmd2, ,,
419,91441209,grycap,scar,https://github.com/grycap/scar, ,,
420,218481618,sooftware,kospeech,https://github.com/sooftware/kospeech, ,,
421,285743816,xiaoqian19940510,text-classification-surveys,https://github.com/xiaoqian19940510/text-classification-surveys, ,,
422,164089752,PacktPublishing,Learning-OpenCV-4-Computer-Vision-with-Python-Third-Edition,https://github.com/PacktPublishing/Learning-OpenCV-4-Computer-Vision-with-Python-Third-Edition, ,,
423,119060297,nwojke,cosine_metric_learning,https://github.com/nwojke/cosine_metric_learning, ,,
424,391777965,leondgarse,keras_cv_attention_models,https://github.com/leondgarse/keras_cv_attention_models, ,,
425,388876833,NVIDIA,NVFlare,https://github.com/NVIDIA/NVFlare, ,,
426,239436776,sgrvinod,a-PyTorch-Tutorial-to-Super-Resolution,https://github.com/sgrvinod/a-PyTorch-Tutorial-to-Super-Resolution, ,,
427,351826770,Project-MONAI,MONAILabel,https://github.com/Project-MONAI/MONAILabel, ,,
428,428599616,IndustryEssentials,ymir,https://github.com/IndustryEssentials/ymir, ,,
429,175599901,LPDI-EPFL,masif,https://github.com/LPDI-EPFL/masif, ,,
430,110142990,Bartzi,see,https://github.com/Bartzi/see, ,,
431,465182360,hustvl,SparseInst,https://github.com/hustvl/SparseInst, ,,
432,316997159,AutoViML,featurewiz,https://github.com/AutoViML/featurewiz, ,,
433,133932110,PacktPublishing,Django-2-by-Example,https://github.com/PacktPublishing/Django-2-by-Example, ,,
434,93446064,eleurent,rl-agents,https://github.com/eleurent/rl-agents, ,,
435,81897903,PacktPublishing,TensorFlow-Machine-Learning-Cookbook,https://github.com/PacktPublishing/TensorFlow-Machine-Learning-Cookbook, ,,
436,130360032,ahmedfgad,NumPyCNN,https://github.com/ahmedfgad/NumPyCNN, ,,
437,444800849,njustkmg,OMML,https://github.com/njustkmg/OMML, ,,
440,63632527,mlachmish,MusicGenreClassification,https://github.com/mlachmish/MusicGenreClassification, ,,
441,169447021,cheind,pytorch-blender,https://github.com/cheind/pytorch-blender, ,,
442,61609586,cchio,deep-pwning,https://github.com/cchio/deep-pwning, ,,
443,307342292,RelevanceAI,vectorhub,https://github.com/RelevanceAI/vectorhub, ,,
444,112776167,anhaidgroup,deepmatcher,https://github.com/anhaidgroup/deepmatcher, ,,
445,241710430,dso-org,deep-symbolic-optimization,https://github.com/dso-org/deep-symbolic-optimization, ,,
446,57242918,vladfi1,phillip,https://github.com/vladfi1/phillip, ,,
447,61393415,monikkinom,ner-lstm,https://github.com/monikkinom/ner-lstm, ,,
448,266978147,shruti-jadon,Semantic-Segmentation-Loss-Functions,https://github.com/shruti-jadon/Semantic-Segmentation-Loss-Functions, ,,
449,161854576,PINTO0309,OpenVINO-YoloV3,https://github.com/PINTO0309/OpenVINO-YoloV3, ,,
450,432768606,lucidrains,nuwa-pytorch,https://github.com/lucidrains/nuwa-pytorch, ,,
451,492079888,TRI-ML,vidar,https://github.com/TRI-ML/vidar, ,,
452,198984224,EdisonLeeeee,Graph-Adversarial-Learning,https://github.com/EdisonLeeeee/Graph-Adversarial-Learning, ,,
453,251621744,Yonghongwei,Gradient-Centralization,https://github.com/Yonghongwei/Gradient-Centralization, ,,
454,434507886,tensorlayer,TensorLayerX,https://github.com/tensorlayer/TensorLayerX, ,,
455,143866262,tobybreckon,fire-detection-cnn,https://github.com/tobybreckon/fire-detection-cnn, ,,
456,165829628,ranandalon,mtl,https://github.com/ranandalon/mtl, ,,
457,157810638,espressif,esp-dl,https://github.com/espressif/esp-dl, ,,
458,207753171,calmiLovesAI,Basic_CNNs_TensorFlow2,https://github.com/calmiLovesAI/Basic_CNNs_TensorFlow2, ,,
459,390534061,chaitjo,efficient-gnns,https://github.com/chaitjo/efficient-gnns, ,,
461,130831822,gidariss,FewShotWithoutForgetting,https://github.com/gidariss/FewShotWithoutForgetting, ,,
462,137566726,swook,GazeML,https://github.com/swook/GazeML, ,,
463,103471501,castorini,honk,https://github.com/castorini/honk, ,,
464,304958084,mikeroyal,Machine-Learning-Guide,https://github.com/mikeroyal/Machine-Learning-Guide, ,,
465,37105160,jamesmawm,Mastering-Python-for-Finance-source-codes,https://github.com/jamesmawm/Mastering-Python-for-Finance-source-codes, ,,
467,341569637,kaixindelele,DRLib,https://github.com/kaixindelele/DRLib, ,,
469,288543036,saimj7,People-Counting-in-Real-Time,https://github.com/saimj7/People-Counting-in-Real-Time, ,,
470,155687643,SimonBlanke,Hyperactive,https://github.com/SimonBlanke/Hyperactive, ,,
471,181527837,uvipen,Flappy-bird-deep-Q-learning-pytorch,https://github.com/uvipen/Flappy-bird-deep-Q-learning-pytorch, ,,
472,38272201,jcjohnson,cnn-vis,https://github.com/jcjohnson/cnn-vis, ,,
473,210873203,PaddlePaddle,PaddleFL,https://github.com/PaddlePaddle/PaddleFL, ,,
474,268875034,google,caliban,https://github.com/google/caliban, ,,
476,159827756,richmondu,libfaceid,https://github.com/richmondu/libfaceid, ,,
477,115991064,khanhnamle1994,natural-language-processing,https://github.com/khanhnamle1994/natural-language-processing, ,,
478,490954397,ra1nty,DXcam,https://github.com/ra1nty/DXcam, ,,
480,472280519,xavctn,img2table,https://github.com/xavctn/img2table, ,,
481,197865066,luyanger1799,Amazing-Semantic-Segmentation,https://github.com/luyanger1799/Amazing-Semantic-Segmentation, ,,
482,56260814,gy910210,rnn-from-scratch,https://github.com/gy910210/rnn-from-scratch, ,,
483,124290023,weecology,DeepForest,https://github.com/weecology/DeepForest, ,,
484,277973609,trackmania-rl,tmrl,https://github.com/trackmania-rl/tmrl, ,,
485,235061629,jwzhanggy,Graph-Bert,https://github.com/jwzhanggy/Graph-Bert, ,,
486,180587550,keiohta,tf2rl,https://github.com/keiohta/tf2rl, ,,
487,417322802,curieuxjy,Awesome_Quadrupedal_Robots,https://github.com/curieuxjy/Awesome_Quadrupedal_Robots, ,,
488,135140095,basveeling,pcam,https://github.com/basveeling/pcam, ,,
489,66316247,eBay,Sequence-Semantic-Embedding,https://github.com/eBay/Sequence-Semantic-Embedding, ,,
491,251007070,uvipen,Tetris-deep-Q-learning-pytorch,https://github.com/uvipen/Tetris-deep-Q-learning-pytorch, ,,
492,230030615,zhao62,Deep-Residual-Shrinkage-Networks,https://github.com/zhao62/Deep-Residual-Shrinkage-Networks, ,,
493,283664242,facebookresearch,LaMCTS,https://github.com/facebookresearch/LaMCTS, ,,
494,301518776,amazon-braket,amazon-braket-examples,https://github.com/amazon-braket/amazon-braket-examples, ,,
495,90730179,prateekiiest,Code-Sleep-Python,https://github.com/prateekiiest/Code-Sleep-Python, ,,
496,79776573,PacktPublishing,Artificial-Intelligence-with-Python,https://github.com/PacktPublishing/Artificial-Intelligence-with-Python, ,,
497,104973687,mila-iqia,myia,https://github.com/mila-iqia/myia, ,,
498,45847491,conjure-up,conjure-up,https://github.com/conjure-up/conjure-up, ,,
499,140302908,supervisely,supervisely,https://github.com/supervisely/supervisely, ,,
502,655021836,SynaLinks,HybridAGI,https://github.com/SynaLinks/HybridAGI, ,,
503,770250365,NVlabs,edm2,https://github.com/NVlabs/edm2, ,,
504,60766913,PacktPublishing,Python-Machine-Learning-Cookbook,https://github.com/PacktPublishing/Python-Machine-Learning-Cookbook, ,,
505,347129505,aleximmer,Laplace,https://github.com/aleximmer/Laplace, ,,
506,728036480,PKU-YuanGroup,Machine-Mindset,https://github.com/PKU-YuanGroup/Machine-Mindset, ,,
507,276036730,pykale,pykale,https://github.com/pykale/pykale, ,,
508,503454474,mit-han-lab,mcunet,https://github.com/mit-han-lab/mcunet, ,,
509,103804538,astorfi,Deep-Learning-NLP,https://github.com/astorfi/Deep-Learning-NLP, ,,
510,708737761,X-LANCE,SLAM-LLM,https://github.com/X-LANCE/SLAM-LLM, ,,
511,604404340,RenzeLou,awesome-instruction-learning,https://github.com/RenzeLou/awesome-instruction-learning, ,,
512,654516474,Orange-Cyberdefense,awesome-industrial-protocols,https://github.com/Orange-Cyberdefense/awesome-industrial-protocols, ,,
513,114080451,NumesSanguis,FACSvatar,https://github.com/NumesSanguis/FACSvatar, ,,
514,35744089,Sohl-Dickstein,Diffusion-Probabilistic-Models,https://github.com/Sohl-Dickstein/Diffusion-Probabilistic-Models, ,,
515,665758053,BobMcDear,attorch,https://github.com/BobMcDear/attorch, ,,
516,176126178,CogStack,MedCAT,https://github.com/CogStack/MedCAT, ,,
518,384007696,ubicomplab,rPPG-Toolbox,https://github.com/ubicomplab/rPPG-Toolbox, ,,
519,566277502,mit-han-lab,tiny-training,https://github.com/mit-han-lab/tiny-training, ,,
520,222242588,DavidZhangdw,Visual-Tracking-Development,https://github.com/DavidZhangdw/Visual-Tracking-Development, ,,
521,58469159,faucetsdn,poseidon,https://github.com/faucetsdn/poseidon, ,,
522,112225649,logangraham,arXausality,https://github.com/logangraham/arXausality, ,,
523,86444372,baldassarreFe,deep-koalarization,https://github.com/baldassarreFe/deep-koalarization, ,,
524,80221082,hunkim,DeepLearningStars,https://github.com/hunkim/DeepLearningStars, ,,
526,141759344,phoenix104104,fast_blind_video_consistency,https://github.com/phoenix104104/fast_blind_video_consistency, ,,
527,206366193,interpretml,interpret-text,https://github.com/interpretml/interpret-text, ,,
528,138932139,airlab-unibas,airlab,https://github.com/airlab-unibas/airlab, ,,
529,211819061,TUMFTM,CameraRadarFusionNet,https://github.com/TUMFTM/CameraRadarFusionNet, ,,
531,193556007,hyperledger,aries-cloudagent-python,https://github.com/hyperledger/aries-cloudagent-python, ,,
532,217789312,hsd1503,resnet1d,https://github.com/hsd1503/resnet1d, ,,
533,405701498,jiaxi-jiang,FBCNN,https://github.com/jiaxi-jiang/FBCNN, ,,
534,228486057,pygfx,wgpu-py,https://github.com/pygfx/wgpu-py, ,,
535,760887878,truthofmatthew,persian-license-plate-recognition,https://github.com/truthofmatthew/persian-license-plate-recognition, ,,
536,252740567,jr-robotics,robo-gym,https://github.com/jr-robotics/robo-gym, ,,
537,380978303,ArtLabss,tennis-tracking,https://github.com/ArtLabss/tennis-tracking, ,,
538,230536199,ZhaoZhibin,UDTL,https://github.com/ZhaoZhibin/UDTL, ,,
539,214425904,MarwanDebbiche,post-tuto-deployment,https://github.com/MarwanDebbiche/post-tuto-deployment, ,,
541,180458619,RedisGears,EdgeRealtimeVideoAnalytics,https://github.com/RedisGears/EdgeRealtimeVideoAnalytics, ,,
542,558512915,salesforce,logai,https://github.com/salesforce/logai, ,,
543,93170751,aleju,self-driving-truck,https://github.com/aleju/self-driving-truck, ,,
544,268833409,PaulDanielML,MuJoCo_RL_UR5,https://github.com/PaulDanielML/MuJoCo_RL_UR5, ,,
545,188738155,instillai,Generative-Adversarial-Networks-Roadmap,https://github.com/instillai/Generative-Adversarial-Networks-Roadmap, ,,
546,129458870,kermitt2,delft,https://github.com/kermitt2/delft, ,,
547,667310297,YaoleiQi,DSCNet,https://github.com/YaoleiQi/DSCNet, ,,
548,636065294,nasa-petal,bidara,https://github.com/nasa-petal/bidara, ,,
549,165284791,juglab,n2v,https://github.com/juglab/n2v, ,,
550,268110746,cartershanklin,pyspark-cheatsheet,https://github.com/cartershanklin/pyspark-cheatsheet, ,,
551,252362426,Skylark0924,Machine-Learning-is-ALL-You-Need,https://github.com/Skylark0924/Machine-Learning-is-ALL-You-Need, ,,
552,158492042,starkblaze01,Algorithms-Cheatsheet-Resources,https://github.com/starkblaze01/Algorithms-Cheatsheet-Resources, ,,
553,734082933,fpgaminer,joytag,https://github.com/fpgaminer/joytag, ,,
554,139549274,crazydonkey200,neural-symbolic-machines,https://github.com/crazydonkey200/neural-symbolic-machines, ,,
555,63731563,aturtur,cinema4d-scripts,https://github.com/aturtur/cinema4d-scripts, ,,
556,68372055,Atomu2014,product-nets,https://github.com/Atomu2014/product-nets, ,,
557,717335443,zhoudaquan,ChatAnything,https://github.com/zhoudaquan/ChatAnything, ,,
558,151057527,PacktPublishing,Mastering-OpenCV-4-with-Python,https://github.com/PacktPublishing/Mastering-OpenCV-4-with-Python, ,,
559,553272352,Seeed-Studio,ModelAssistant,https://github.com/Seeed-Studio/ModelAssistant, ,,
560,202435057,martinResearch,DEODR,https://github.com/martinResearch/DEODR, ,,
561,102517499,pkmital,pycadl,https://github.com/pkmital/pycadl, ,,
562,676498788,DmitryRyumin,CVPR-2023-24-Papers,https://github.com/DmitryRyumin/CVPR-2023-24-Papers, ,,
563,139976933,PINTO0309,MobileNet-SSD-RealSense,https://github.com/PINTO0309/MobileNet-SSD-RealSense, ,,
564,112068682,naturomics,CapsLayer,https://github.com/naturomics/CapsLayer, ,,
565,476563942,alibaba,lightweight-neural-architecture-search,https://github.com/alibaba/lightweight-neural-architecture-search, ,,
566,181565879,xingyul,flownet3d,https://github.com/xingyul/flownet3d, ,,
567,106470718,nmhkahn,CARN-pytorch,https://github.com/nmhkahn/CARN-pytorch, ,,
568,470785220,SummerSigh,TheVrMLEyeToolbox,https://github.com/SummerSigh/TheVrMLEyeToolbox, ,,
569,45596393,odlgroup,odl,https://github.com/odlgroup/odl, ,,
570,370256849,TechyNilesh,DeepImageSearch,https://github.com/TechyNilesh/DeepImageSearch, ,,
571,626498767,cambridgeltl,visual-med-alpaca,https://github.com/cambridgeltl/visual-med-alpaca, ,,
572,719239242,chawins,llm-sp,https://github.com/chawins/llm-sp, ,,
573,262516632,histolab,histolab,https://github.com/histolab/histolab, ,,
574,167996749,AlexIoannides,kubernetes-mlops,https://github.com/AlexIoannides/kubernetes-mlops, ,,
575,111998139,SerialLain3170,adeleine,https://github.com/SerialLain3170/adeleine, ,,
576,219580162,qyzdao,ShadeSketch,https://github.com/qyzdao/ShadeSketch, ,,
577,500395165,torcheeg,torcheeg,https://github.com/torcheeg/torcheeg, ,,
578,569558428,google,autobound,https://github.com/google/autobound, ,,
579,169170694,LyleMi,papers,https://github.com/LyleMi/papers, ,,
580,89934189,memo,webcam-pix2pix-tensorflow,https://github.com/memo/webcam-pix2pix-tensorflow, ,,
582,645659535,changzy00,pytorch-attention,https://github.com/changzy00/pytorch-attention, ,,
583,762564236,miciwan,PaintMixing,https://github.com/miciwan/PaintMixing, ,,
584,237910884,MulongXie,UIED,https://github.com/MulongXie/UIED, ,,
585,54422317,mattjj,svae,https://github.com/mattjj/svae, ,,
586,103012489,ankonzoid,LearningX,https://github.com/ankonzoid/LearningX, ,,
587,334073193,AI4Finance-Foundation,FinRL_Podracer,https://github.com/AI4Finance-Foundation/FinRL_Podracer, ,,
588,255570866,sony,ai-research-code,https://github.com/sony/ai-research-code, ,,
589,154229754,palash1992,DynamicGEM,https://github.com/palash1992/DynamicGEM, ,,
590,595728617,the-full-stack,ask-fsdl,https://github.com/the-full-stack/ask-fsdl, ,,
592,175690975,yulunzhang,RNAN,https://github.com/yulunzhang/RNAN, ,,
593,373237225,BMEII-AI,RadImageNet,https://github.com/BMEII-AI/RadImageNet, ,,
594,167119230,Raschka-research-group,coral-cnn,https://github.com/Raschka-research-group/coral-cnn, ,,
595,17085874,timvieira,justified-variables,https://github.com/timvieira/justified-variables, ,,
596,503178978,mmaaz60,EdgeNeXt,https://github.com/mmaaz60/EdgeNeXt, ,,
597,410658471,mikeroyal,ISP-Guide,https://github.com/mikeroyal/ISP-Guide, ,,
598,653852586,ssundaram21,dreamsim,https://github.com/ssundaram21/dreamsim, ,,
599,299839059,neuralhydrology,neuralhydrology,https://github.com/neuralhydrology/neuralhydrology, ,,
600,124678941,Hiroshiba,realtime-yukarin,https://github.com/Hiroshiba/realtime-yukarin, ,,
601,208021710,JirongZhang,DeepHomography,https://github.com/JirongZhang/DeepHomography, ,,
602,332524452,anish-lakkapragada,SeaLion,https://github.com/anish-lakkapragada/SeaLion, ,,
603,198203883,EFS-OpenSource,calibration-framework,https://github.com/EFS-OpenSource/calibration-framework, ,,
604,291283941,Dipeshpal,Jarvis_AI,https://github.com/Dipeshpal/Jarvis_AI, ,,
605,599531423,SinMDM,SinMDM,https://github.com/SinMDM/SinMDM, ,,
606,382052875,mikekeith52,scalecast,https://github.com/mikekeith52/scalecast, ,,
607,361631547,microsoft,nn-Meter,https://github.com/microsoft/nn-Meter, ,,
608,655836653,pentilm,AirCtrl,https://github.com/pentilm/AirCtrl, ,,
609,399194159,geezacoleman,OpenWeedLocator,https://github.com/geezacoleman/OpenWeedLocator, ,,
610,291783473,facebookresearch,PointContrast,https://github.com/facebookresearch/PointContrast, ,,
611,119879132,ARM-software,SCALE-Sim,https://github.com/ARM-software/SCALE-Sim, ,,
612,105025738,TwistedW,tensorflow-GANs,https://github.com/TwistedW/tensorflow-GANs, ,,
613,341677886,Kaleidophon,deep-significance,https://github.com/Kaleidophon/deep-significance, ,,
614,77412963,iamaaditya,image-compression-cnn,https://github.com/iamaaditya/image-compression-cnn, ,,
615,329317418,loft-br,xgboost-survival-embeddings,https://github.com/loft-br/xgboost-survival-embeddings, ,,
616,501055406,octallium,modern-python-101,https://github.com/octallium/modern-python-101, ,,
617,199644423,RITCHIEHuang,DeepRL_Algorithms,https://github.com/RITCHIEHuang/DeepRL_Algorithms, ,,
618,571772611,Felix-Petersen,difflogic,https://github.com/Felix-Petersen/difflogic, ,,
619,320592690,neuralmagic,sparsify,https://github.com/neuralmagic/sparsify, ,,
621,252220236,autonlab,auton-survival,https://github.com/autonlab/auton-survival, ,,
622,102874853,scikit-hep,uproot3,https://github.com/scikit-hep/uproot3, ,,
623,130669425,lithops-cloud,lithops,https://github.com/lithops-cloud/lithops, ,,
624,673278147,DmitryRyumin,ICASSP-2023-24-Papers,https://github.com/DmitryRyumin/ICASSP-2023-24-Papers, ,,
625,242686959,mbrossar,denoise-imu-gyro,https://github.com/mbrossar/denoise-imu-gyro, ,,
627,368468407,YeRen123455,Infrared-Small-Target-Detection,https://github.com/YeRen123455/Infrared-Small-Target-Detection, ,,
628,234117993,davidtw0320,Resources-Allocation-in-The-Edge-Computing-Environment-Using-Reinforcement-Learning,https://github.com/davidtw0320/Resources-Allocation-in-The-Edge-Computing-Environment-Using-Reinforcement-Learning, ,,
629,110871367,leipzig,awesome-reproducible-research,https://github.com/leipzig/awesome-reproducible-research, ,,
630,81988822,mckinziebrandon,DeepChatModels,https://github.com/mckinziebrandon/DeepChatModels, ,,
631,494611862,patrickjohncyh,fashion-clip,https://github.com/patrickjohncyh/fashion-clip, ,,
632,103709988,accel-brain,accel-brain-code,https://github.com/accel-brain/accel-brain-code, ,,
633,91716856,shenyichen105,Deep-Reinforcement-Learning-in-Stock-Trading,https://github.com/shenyichen105/Deep-Reinforcement-Learning-in-Stock-Trading, ,,
634,575404625,abess-team,skscope,https://github.com/abess-team/skscope, ,,
635,212333820,dionhaefner,pyhpc-benchmarks,https://github.com/dionhaefner/pyhpc-benchmarks, ,,
636,208760208,vislearn,ngransac,https://github.com/vislearn/ngransac, ,,
637,653546706,va1shn9v,PromptIR,https://github.com/va1shn9v/PromptIR, ,,
638,274447741,MECLabTUDA,M3d-Cam,https://github.com/MECLabTUDA/M3d-Cam, ,,
639,413191694,mikeroyal,Neuromorphic-Computing-Guide,https://github.com/mikeroyal/Neuromorphic-Computing-Guide, ,,
640,52731535,yandexdataschool,AgentNet,https://github.com/yandexdataschool/AgentNet, ,,
643,435921975,WenjieDu,SAITS,https://github.com/WenjieDu/SAITS, ,,
644,193679288,leondz,hatespeechdata,https://github.com/leondz/hatespeechdata, ,,
645,178459453,HorizonRobotics,alf,https://github.com/HorizonRobotics/alf, ,,
646,539045602,madaan,minimal-text-diffusion,https://github.com/madaan/minimal-text-diffusion, ,,
647,33518425,PsychoinformaticsLab,pliers,https://github.com/PsychoinformaticsLab/pliers, ,,
648,226871160,kkyon,Simple-IT-English,https://github.com/kkyon/Simple-IT-English, ,,
649,471500104,kochlisGit,ProphitBet-Soccer-Bets-Predictor,https://github.com/kochlisGit/ProphitBet-Soccer-Bets-Predictor, ,,
650,152074068,JepsonWong,Text_Matching,https://github.com/JepsonWong/Text_Matching, ,,
652,53914628,mike-bowles,hdDeepLearningStudy,https://github.com/mike-bowles/hdDeepLearningStudy, ,,
653,287060497,ZHKKKe,PixelSSL,https://github.com/ZHKKKe/PixelSSL, ,,
654,222209282,stefanradev93,BayesFlow,https://github.com/stefanradev93/BayesFlow, ,,
655,321824602,neelguha,legal-ml-datasets,https://github.com/neelguha/legal-ml-datasets, ,,
656,216583232,upb-lea,gym-electric-motor,https://github.com/upb-lea/gym-electric-motor, ,,
657,379215623,microsoft,Table-Pretraining,https://github.com/microsoft/Table-Pretraining, ,,
658,90210350,kykiefer,depression-detect,https://github.com/kykiefer/depression-detect, ,,
659,221855943,bingzhewei,geom-gcn,https://github.com/bingzhewei/geom-gcn, ,,
660,416091141,facebookresearch,recipes,https://github.com/facebookresearch/recipes, ,,
661,383025085,JizhiziLi,P3M,https://github.com/JizhiziLi/P3M, ,,
663,299520287,yikaiw,CEN,https://github.com/yikaiw/CEN, ,,
664,395051496,Optimization-AI,LibAUC,https://github.com/Optimization-AI/LibAUC, ,,
665,152933799,maziarraissi,HFM,https://github.com/maziarraissi/HFM, ,,
666,413423049,eth-siplab,AvatarPoser,https://github.com/eth-siplab/AvatarPoser, ,,
668,180969461,mesutpiskin,id-card-detector,https://github.com/mesutpiskin/id-card-detector, ,,
669,520154111,JeffffffFu,Awesome-Differential-Privacy-and-Meachine-Learning,https://github.com/JeffffffFu/Awesome-Differential-Privacy-and-Meachine-Learning, ,,
670,557743180,awslabs,Renate,https://github.com/awslabs/Renate, ,,
672,201498201,RTIInternational,gobbli,https://github.com/RTIInternational/gobbli, ,,
673,244249648,Verified-Intelligence,auto_LiRPA,https://github.com/Verified-Intelligence/auto_LiRPA, ,,
674,198003221,aravindsankar28,DySAT,https://github.com/aravindsankar28/DySAT, ,,
675,687329834,taesiri,ArXivQA,https://github.com/taesiri/ArXivQA, ,,
676,779225422,Qihoo360,360zhinao,https://github.com/Qihoo360/360zhinao, ,,
677,683069767,modelscope,motionagent,https://github.com/modelscope/motionagent, ,,
679,280574647,jrieke,awesome-machine-learning-startups-berlin,https://github.com/jrieke/awesome-machine-learning-startups-berlin, ,,
680,70620646,Arsey,keras-transfer-learning-for-oxford102,https://github.com/Arsey/keras-transfer-learning-for-oxford102, ,,
681,56966414,jbaiter,zotero-cli,https://github.com/jbaiter/zotero-cli, ,,
682,768179945,YubiaoYue,MedMamba,https://github.com/YubiaoYue/MedMamba, ,,
683,93880900,zishansami102,CNN-from-Scratch,https://github.com/zishansami102/CNN-from-Scratch, ,,
684,140664464,coverdrive,MDP-DP-RL,https://github.com/coverdrive/MDP-DP-RL, ,,
685,346398641,liangs111,tensor_holography,https://github.com/liangs111/tensor_holography, ,,
686,216525761,semitable,robotic-warehouse,https://github.com/semitable/robotic-warehouse, ,,
687,156841423,cvjena,semantic-embeddings,https://github.com/cvjena/semantic-embeddings, ,,
688,49773298,websauna,websauna,https://github.com/websauna/websauna, ,,
689,274071592,DataCanvasIO,Hypernets,https://github.com/DataCanvasIO/Hypernets, ,,
690,72523487,inejc,painters,https://github.com/inejc/painters, ,,
691,104105715,kk7nc,HDLTex,https://github.com/kk7nc/HDLTex, ,,
692,337969557,enlite-ai,maze,https://github.com/enlite-ai/maze, ,,
693,226041990,aqeelanwar,PEDRA,https://github.com/aqeelanwar/PEDRA, ,,
694,814432322,SamKhoze,ComfyUI-DeepFuze,https://github.com/SamKhoze/ComfyUI-DeepFuze, ,,
695,493386519,NVIDIA-AI-IOT,jetson_dla_tutorial,https://github.com/NVIDIA-AI-IOT/jetson_dla_tutorial, ,,
696,132565186,colour-science,awesome-colour,https://github.com/colour-science/awesome-colour, ,,
697,428104932,DataCanvasIO,HyperTS,https://github.com/DataCanvasIO/HyperTS, ,,
698,136805886,johnolafenwa,TorchFusion,https://github.com/johnolafenwa/TorchFusion, ,,
699,612857575,sksalahuddin2828,Python,https://github.com/sksalahuddin2828/Python, ,,
700,125807618,PacktPublishing,Hands-On-Data-Structures-and-Algorithms-with-Python-Second-Edition,https://github.com/PacktPublishing/Hands-On-Data-Structures-and-Algorithms-with-Python-Second-Edition, ,,
701,381250685,datature,portal,https://github.com/datature/portal, ,,
703,77008142,Kyubyong,word_prediction,https://github.com/Kyubyong/word_prediction, ,,
704,326423100,mobadarah,tajmeeaton,https://github.com/mobadarah/tajmeeaton, ,,
705,435803515,open-mmlab,MMGEN-FaceStylor,https://github.com/open-mmlab/MMGEN-FaceStylor, ,,
706,274197828,krumiaa,MindMaker,https://github.com/krumiaa/MindMaker, ,,
707,65836510,SpaceNetChallenge,utilities,https://github.com/SpaceNetChallenge/utilities, ,,
708,670705110,protectai,modelscan,https://github.com/protectai/modelscan, ,,
709,273761729,asmirnou,watsor,https://github.com/asmirnou/watsor, ,,
710,194094333,Bisonai,awesome-edge-machine-learning,https://github.com/Bisonai/awesome-edge-machine-learning, ,,
711,161100612,revenol,DDLO,https://github.com/revenol/DDLO, ,,
712,530347014,materialsvirtuallab,matgl,https://github.com/materialsvirtuallab/matgl, ,,
713,168174352,javier-hernandezo,FaceQnet,https://github.com/javier-hernandezo/FaceQnet, ,,
715,279285516,LZBUAV,K210,https://github.com/LZBUAV/K210, ,,
716,62860862,GeoPyTool,GeoPyTool,https://github.com/GeoPyTool/GeoPyTool, ,,
717,616357923,haoyuc,MaskedDenoising,https://github.com/haoyuc/MaskedDenoising, ,,
718,345085109,ltkong218,FastFlowNet,https://github.com/ltkong218/FastFlowNet, ,,
719,217803141,team-approx-bayes,dl-with-bayes,https://github.com/team-approx-bayes/dl-with-bayes, ,,
720,794901954,riiswa,kanrl,https://github.com/riiswa/kanrl, ,,
721,367420635,GoogleCloudPlatform,emblem,https://github.com/GoogleCloudPlatform/emblem, ,,
722,322486855,graph4ai,graph4nlp_literature,https://github.com/graph4ai/graph4nlp_literature, ,,
723,167374649,ahmedfgad,NeuralGenetic,https://github.com/ahmedfgad/NeuralGenetic, ,,
724,174063977,h2oai,driverlessai-recipes,https://github.com/h2oai/driverlessai-recipes, ,,
725,467552700,h9-tect,Machine-learning-roadmap-and-projects,https://github.com/h9-tect/Machine-learning-roadmap-and-projects, ,,
726,215258192,yuntaodu,Transfer-learning-materials,https://github.com/yuntaodu/Transfer-learning-materials, ,,
727,309907547,zhijing-jin,Text_Style_Transfer_Survey,https://github.com/zhijing-jin/Text_Style_Transfer_Survey, ,,
728,239420566,galliot-us,neuralet,https://github.com/galliot-us/neuralet, ,,
729,292189702,GitYCC,crnn-pytorch,https://github.com/GitYCC/crnn-pytorch, ,,
730,239925364,qinnzou,DeepCrack,https://github.com/qinnzou/DeepCrack, ,,
731,80487145,david-gpu,deep-makeover,https://github.com/david-gpu/deep-makeover, ,,
732,163911045,lettergram,sentence-classification,https://github.com/lettergram/sentence-classification, ,,
733,607384714,fabiogra,moseca,https://github.com/fabiogra/moseca, ,,
734,145973819,lizhengwei1992,Fast_Portrait_Segmentation,https://github.com/lizhengwei1992/Fast_Portrait_Segmentation, ,,
735,274012656,PaddlePaddle,InterpretDL,https://github.com/PaddlePaddle/InterpretDL, ,,
736,159589936,molyswu,hand_detection,https://github.com/molyswu/hand_detection, ,,
737,83100910,chaoming0625,NumpyDL,https://github.com/chaoming0625/NumpyDL, ,,
738,397305555,microsoft,project-azua,https://github.com/microsoft/project-azua, ,,
739,194301252,TomG008,SkyNet,https://github.com/TomG008/SkyNet, ,,
740,222138225,aidudezzz,deepbots,https://github.com/aidudezzz/deepbots, ,,
741,346478212,Karmaz95,crimson,https://github.com/Karmaz95/crimson, ,,
742,217600327,allegroai,clearml-agent,https://github.com/allegroai/clearml-agent, ,,
743,532718427,SpikingChen,SNN-Daily-Arxiv,https://github.com/SpikingChen/SNN-Daily-Arxiv, ,,
744,308324297,leggedrobotics,delora,https://github.com/leggedrobotics/delora, ,,
745,663604762,aryn-ai,sycamore,https://github.com/aryn-ai/sycamore, ,,
746,177168929,Bears-R-Us,arkouda,https://github.com/Bears-R-Us/arkouda, ,,
747,439030255,WooilJeong,CaptchaCracker,https://github.com/WooilJeong/CaptchaCracker, ,,
748,485389413,johnGettings,LIHQ,https://github.com/johnGettings/LIHQ, ,,
749,626063658,voxel51,voxelgpt,https://github.com/voxel51/voxelgpt, ,,
750,373906555,aws,sagemaker-huggingface-inference-toolkit,https://github.com/aws/sagemaker-huggingface-inference-toolkit, ,,
751,94069754,vudung45,FaceRec,https://github.com/vudung45/FaceRec, ,,
752,602291196,china-testing,python_cn_resouce,https://github.com/china-testing/python_cn_resouce, ,,
753,290538660,anl13,animal_papers,https://github.com/anl13/animal_papers, ,,
754,17055956,stulp,dmpbbo,https://github.com/stulp/dmpbbo, ,,
755,311268879,CrayLabs,SmartSim,https://github.com/CrayLabs/SmartSim, ,,
757,156815626,tinyzqh,awesome-reinforcement-learning,https://github.com/tinyzqh/awesome-reinforcement-learning, ,,
758,114777739,KhronosGroup,NNEF-Tools,https://github.com/KhronosGroup/NNEF-Tools, ,,
759,293008596,ocatak,malware_api_class,https://github.com/ocatak/malware_api_class, ,,
760,281223572,BaruYogesh,Spring2021Internships,https://github.com/BaruYogesh/Spring2021Internships, ,,
761,227850083,daniegr,EfficientPose,https://github.com/daniegr/EfficientPose, ,,
762,95010107,ArrasL,LRP_for_LSTM,https://github.com/ArrasL/LRP_for_LSTM, ,,
763,531343118,Lei-Kun,End-to-end-DRL-for-FJSP,https://github.com/Lei-Kun/End-to-end-DRL-for-FJSP, ,,
765,664886106,CurryTang,Graph-LLM,https://github.com/CurryTang/Graph-LLM, ,,
766,125457670,apollostary,donnemartin-system-design-primer,https://github.com/apollostary/donnemartin-system-design-primer, ,,
767,594799308,csteinmetz1,dasp-pytorch,https://github.com/csteinmetz1/dasp-pytorch, ,,
769,63874881,orenmel,context2vec,https://github.com/orenmel/context2vec, ,,
770,138535805,yu45020,Text_Segmentation_Image_Inpainting,https://github.com/yu45020/Text_Segmentation_Image_Inpainting, ,,
771,141116665,sushengbuhuo,php-interview-2018,https://github.com/sushengbuhuo/php-interview-2018, ,,
772,364467705,hanmenghan,TMC,https://github.com/hanmenghan/TMC, ,,
773,79660456,PhABC,neuroSummerSchools,https://github.com/PhABC/neuroSummerSchools, ,,
774,483841773,adobe-research,MetaAF,https://github.com/adobe-research/MetaAF, ,,
775,394865540,cgarciae,treex,https://github.com/cgarciae/treex, ,,
776,118584899,PacktPublishing,Deep-Learning-for-Computer-Vision,https://github.com/PacktPublishing/Deep-Learning-for-Computer-Vision, ,,
777,197632932,few-shot-learning,Keras-FewShotLearning,https://github.com/few-shot-learning/Keras-FewShotLearning, ,,
778,102393178,cuuupid,awesome-lists,https://github.com/cuuupid/awesome-lists, ,,
780,192765042,NVIDIA,object-detection-tensorrt-example,https://github.com/NVIDIA/object-detection-tensorrt-example, ,,
781,385700649,hailo-ai,hailo_model_zoo,https://github.com/hailo-ai/hailo_model_zoo, ,,
782,325279870,99sbr,fastapi-template,https://github.com/99sbr/fastapi-template, ,,
784,492430884,HuaizhengZhang,Active-Learning-as-a-Service,https://github.com/HuaizhengZhang/Active-Learning-as-a-Service, ,,
785,175015102,scaleway,frontalization,https://github.com/scaleway/frontalization, ,,
786,551334980,junshutang,3DFaceShop,https://github.com/junshutang/3DFaceShop, ,,
787,145316221,junjun-jiang,Face-Hallucination-Benchmark,https://github.com/junjun-jiang/Face-Hallucination-Benchmark, ,,
789,645260133,InteractiveNLP-Team,awesome-InteractiveNLP-papers,https://github.com/InteractiveNLP-Team/awesome-InteractiveNLP-papers, ,,
790,138141023,spcl,ncc,https://github.com/spcl/ncc, ,,
791,195252638,helmut-hoffer-von-ankershoffen,jetson,https://github.com/helmut-hoffer-von-ankershoffen/jetson, ,,
792,237138063,sgrvinod,a-PyTorch-Tutorial-to-Transformers,https://github.com/sgrvinod/a-PyTorch-Tutorial-to-Transformers, ,,
793,260499197,nasa,delta,https://github.com/nasa/delta, ,,
794,186884083,microsoft,MSMARCO-Question-Answering,https://github.com/microsoft/MSMARCO-Question-Answering, ,,
795,158708581,benedekrozemberczki,DANMF,https://github.com/benedekrozemberczki/DANMF, ,,
796,728116762,ml-stat-Sustech,TorchCP,https://github.com/ml-stat-Sustech/TorchCP, ,,
797,148348764,satinder147,Attendance-using-Face,https://github.com/satinder147/Attendance-using-Face, ,,
798,752980890,SoccerNet,sn-gamestate,https://github.com/SoccerNet/sn-gamestate, ,,
799,92530283,sk1712,gcn_metric_learning,https://github.com/sk1712/gcn_metric_learning, ,,
800,359584591,usnistgov,alignn,https://github.com/usnistgov/alignn, ,,
801,616108497,google-research,jaxpruner,https://github.com/google-research/jaxpruner, ,,
802,275455374,microsoft,infinibatch,https://github.com/microsoft/infinibatch, ,,
803,100753000,nogilnick,poeai,https://github.com/nogilnick/poeai, ,,
804,226001942,alibaba,EasyReinforcementLearning,https://github.com/alibaba/EasyReinforcementLearning, ,,
805,241414309,manila95,monolayout,https://github.com/manila95/monolayout, ,,
806,226546106,smeetrs,deep_avsr,https://github.com/smeetrs/deep_avsr, ,,
807,205170519,the-black-knight-01,Tabulo,https://github.com/the-black-knight-01/Tabulo, ,,
808,645376002,tangjiapeng,DiffuScene,https://github.com/tangjiapeng/DiffuScene, ,,
809,20361729,spinalcordtoolbox,spinalcordtoolbox,https://github.com/spinalcordtoolbox/spinalcordtoolbox, ,,
811,246860724,Gi-z,CSIKit,https://github.com/Gi-z/CSIKit, ,,
812,232252842,pecu,FinancialVision,https://github.com/pecu/FinancialVision, ,,
813,103049010,gregwchase,eyenet,https://github.com/gregwchase/eyenet, ,,
814,285716269,jonatasgrosman,findpapers,https://github.com/jonatasgrosman/findpapers, ,,
815,210571107,bzhangGo,rmsnorm,https://github.com/bzhangGo/rmsnorm, ,,
816,823299258,cohere-ai,DiskVectorIndex,https://github.com/cohere-ai/DiskVectorIndex, ,,
817,463146427,owkin,FLamby,https://github.com/owkin/FLamby, ,,
818,106888772,henrysky,astroNN,https://github.com/henrysky/astroNN, ,,
819,650522461,i207M,PINNacle,https://github.com/i207M/PINNacle, ,,
820,107878597,GKalliatakis,Keras-VGG16-places365,https://github.com/GKalliatakis/Keras-VGG16-places365, ,,
821,212750895,pzhren,Awesome-NAS,https://github.com/pzhren/Awesome-NAS, ,,
822,152757117,XuhanLiu,DrugEx,https://github.com/XuhanLiu/DrugEx, ,,
823,70443214,YYuanAnyVision,mxnet_center_loss,https://github.com/YYuanAnyVision/mxnet_center_loss, ,,
824,74622643,aws-samples,ecs-deep-learning-workshop,https://github.com/aws-samples/ecs-deep-learning-workshop, ,,
825,154472226,jensleitloff,CNN-Sentinel,https://github.com/jensleitloff/CNN-Sentinel, ,,
826,749432469,MLOps-Courses,mlops-coding-course,https://github.com/MLOps-Courses/mlops-coding-course, ,,
827,422220306,ziatdinovmax,gpax,https://github.com/ziatdinovmax/gpax, ,,
828,275260076,michiyasunaga,DrRepair,https://github.com/michiyasunaga/DrRepair, ,,
829,186402534,PacktPublishing,ROS-Robotics-Projects-SecondEdition,https://github.com/PacktPublishing/ROS-Robotics-Projects-SecondEdition, ,,
830,84509464,jhetherly,EnglishSpeechUpsampler,https://github.com/jhetherly/EnglishSpeechUpsampler, ,,
831,24294717,mazefeng,ml,https://github.com/mazefeng/ml, ,,
832,68116943,camrongodbout,TensorFlow-in-a-Nutshell,https://github.com/camrongodbout/TensorFlow-in-a-Nutshell, ,,
833,371452752,zhuwenxing,daily_arxiv,https://github.com/zhuwenxing/daily_arxiv, ,,
836,629473758,floriankark,cs224n-win2223,https://github.com/floriankark/cs224n-win2223, ,,
837,152713495,Hecate2,Ignareo-ISML-auto-voter,https://github.com/Hecate2/Ignareo-ISML-auto-voter, ,,
838,244386274,terbed,Deep-rPPG,https://github.com/terbed/Deep-rPPG, ,,
840,333118339,Evolutionary-Intelligence,pypop,https://github.com/Evolutionary-Intelligence/pypop, ,,
841,481368835,jacopotagliabue,post-modern-stack,https://github.com/jacopotagliabue/post-modern-stack, ,,
842,640977678,ego,awesome-mojo,https://github.com/ego/awesome-mojo, ,,
843,210607916,rediscovery-io,remo-python,https://github.com/rediscovery-io/remo-python, ,,
844,189067098,ANTsX,ANTsPyNet,https://github.com/ANTsX/ANTsPyNet, ,,
845,189198308,pcko1,Deep-Drug-Coder,https://github.com/pcko1/Deep-Drug-Coder, ,,
846,266141010,trailofbits,PrivacyRaven,https://github.com/trailofbits/PrivacyRaven, ,,
847,302409901,BarisYazici,deep-rl-grasping,https://github.com/BarisYazici/deep-rl-grasping, ,,
848,467372077,JinyuanLiu-CV,TarDAL,https://github.com/JinyuanLiu-CV/TarDAL, ,,
849,65210444,samuel-code,faceTracking,https://github.com/samuel-code/faceTracking, ,,
850,582116295,gorodnitskiy,yet-another-lightning-hydra-template,https://github.com/gorodnitskiy/yet-another-lightning-hydra-template, ,,
851,130228042,RobRomijnders,weight_uncertainty,https://github.com/RobRomijnders/weight_uncertainty, ,,
852,441591889,YGZWQZD,LAMDA-SSL,https://github.com/YGZWQZD/LAMDA-SSL, ,,
853,177214934,ChrisWaites,pyvacy,https://github.com/ChrisWaites/pyvacy, ,,
854,383203383,rafiqhasan,auto-tensorflow,https://github.com/rafiqhasan/auto-tensorflow, ,,
855,202712434,PacktPublishing,Reinforcement-Learning-Algorithms-with-Python,https://github.com/PacktPublishing/Reinforcement-Learning-Algorithms-with-Python, ,,
856,430473960,KRR-Oxford,DeepOnto,https://github.com/KRR-Oxford/DeepOnto, ,,
857,411042315,yhygao,UTNet,https://github.com/yhygao/UTNet, ,,
858,140873172,ozanciga,gans-with-pytorch,https://github.com/ozanciga/gans-with-pytorch, ,,
859,559665137,XGraph-Team,Spectral-Graph-Survey,https://github.com/XGraph-Team/Spectral-Graph-Survey, ,,
860,400247544,goutamgmb,deep-burst-sr,https://github.com/goutamgmb/deep-burst-sr, ,,
861,602149260,adaptyvbio,ProteinFlow,https://github.com/adaptyvbio/ProteinFlow, ,,
862,122900465,goruck,smart-zoneminder,https://github.com/goruck/smart-zoneminder, ,,
863,449663716,duongcongnha,Vehicle-tracking,https://github.com/duongcongnha/Vehicle-tracking, ,,
864,736208747,VisionVerse,Blind-Motion-Deblurring-Survey,https://github.com/VisionVerse/Blind-Motion-Deblurring-Survey, ,,
865,349955945,hjwdzh,DeepLM,https://github.com/hjwdzh/DeepLM, ,,
866,91196413,mikeckennedy,mongodb-for-python-developers,https://github.com/mikeckennedy/mongodb-for-python-developers, ,,
867,604480390,Intelligent-Driving-Laboratory,GOPS,https://github.com/Intelligent-Driving-Laboratory/GOPS, ,,
868,283178799,dut-media-lab,BOML,https://github.com/dut-media-lab/BOML, ,,
869,744300294,935963004,LaBraM,https://github.com/935963004/LaBraM, ,,
870,60282449,dannguyen,journalism-syllabi,https://github.com/dannguyen/journalism-syllabi, ,,
871,379979379,navassherif98,Recipe-Generation-from-Food-Image,https://github.com/navassherif98/Recipe-Generation-from-Food-Image, ,,
873,561838723,beyondguo,genius,https://github.com/beyondguo/genius, ,,
874,257647555,qcappart,hybrid-cp-rl-solver,https://github.com/qcappart/hybrid-cp-rl-solver, ,,
875,109409681,jsikyoon,adv_attack_capsnet,https://github.com/jsikyoon/adv_attack_capsnet, ,,
876,89320002,PacktPublishing,Deep-Learning-with-TensorFlow,https://github.com/PacktPublishing/Deep-Learning-with-TensorFlow, ,,
877,318884929,AdaLogics,software-security-paper-list,https://github.com/AdaLogics/software-security-paper-list, ,,
878,160387955,orendv,learning_to_sample,https://github.com/orendv/learning_to_sample, ,,
879,283227696,BoChenGroup,PyDPM,https://github.com/BoChenGroup/PyDPM, ,,
880,678626849,NVIDIA-AI-IOT,cuDLA-samples,https://github.com/NVIDIA-AI-IOT/cuDLA-samples, ,,
881,421571276,yzhao062,pytod,https://github.com/yzhao062/pytod, ,,
882,245740191,FFrankyy,FINDER,https://github.com/FFrankyy/FINDER, ,,
883,97897312,aquaskyline,Clairvoyante,https://github.com/aquaskyline/Clairvoyante, ,,
884,127424867,bzantium,nlp-tensorflow,https://github.com/bzantium/nlp-tensorflow, ,,
885,130585797,llSourcell,AI_in_Medicine_Clinical_Imaging_Classification,https://github.com/llSourcell/AI_in_Medicine_Clinical_Imaging_Classification, ,,
886,77570323,kevinjliang,tf-Faster-RCNN,https://github.com/kevinjliang/tf-Faster-RCNN, ,,
887,764711705,thuml,Large-Time-Series-Model,https://github.com/thuml/Large-Time-Series-Model, ,,
888,303378056,D-X-Y,NATS-Bench,https://github.com/D-X-Y/NATS-Bench, ,,
889,688248662,wangqiannudt,nerf-arxiv-daily,https://github.com/wangqiannudt/nerf-arxiv-daily, ,,
890,107112612,GSByeon,multi-speaker-tacotron-tensorflow,https://github.com/GSByeon/multi-speaker-tacotron-tensorflow, ,,
891,584102226,kadirnar,torchyolo,https://github.com/kadirnar/torchyolo, ,,
892,154290121,ShuhuaGao,gpFlappyBird,https://github.com/ShuhuaGao/gpFlappyBird, ,,
893,85388920,wwj718,system-design-primer-zh_CN,https://github.com/wwj718/system-design-primer-zh_CN, ,,
894,636368696,Autodesk,XLB,https://github.com/Autodesk/XLB, ,,
895,115975187,hepesu,LineDistiller,https://github.com/hepesu/LineDistiller, ,,
896,635842710,SonyCSLParis,pesto,https://github.com/SonyCSLParis/pesto, ,,
897,289750409,toshikwa,gail-airl-ppo.pytorch,https://github.com/toshikwa/gail-airl-ppo.pytorch, ,,
898,208411348,KangchengLiu,Crack-Detection-and-Segmentation-Dataset-for-UAV-Inspection,https://github.com/KangchengLiu/Crack-Detection-and-Segmentation-Dataset-for-UAV-Inspection, ,,
899,643771590,yafuly,MAGE,https://github.com/yafuly/MAGE, ,,
901,465825076,crcep,cybersecurity,https://github.com/crcep/cybersecurity, ,,
902,112718760,RoblabWh,RobLearn,https://github.com/RoblabWh/RobLearn, ,,
903,180284680,YZHANG1270,Aspect-Based-Sentiment-Analysis,https://github.com/YZHANG1270/Aspect-Based-Sentiment-Analysis, ,,
904,248772675,musikalkemist,Deep-Learning-Audio-Application-From-Design-to-Deployment,https://github.com/musikalkemist/Deep-Learning-Audio-Application-From-Design-to-Deployment, ,,
905,301351379,ThibautTheate,An-Application-of-Deep-Reinforcement-Learning-to-Algorithmic-Trading,https://github.com/ThibautTheate/An-Application-of-Deep-Reinforcement-Learning-to-Algorithmic-Trading, ,,
906,501078780,SineZHAN,deepALplus,https://github.com/SineZHAN/deepALplus, ,,
907,306213405,FederatedAI,research,https://github.com/FederatedAI/research, ,,
908,230472480,PySimpleGUI,PySimpleGUI-Photo-Colorizer,https://github.com/PySimpleGUI/PySimpleGUI-Photo-Colorizer, ,,
909,202418694,gaiasd,DFireDataset,https://github.com/gaiasd/DFireDataset, ,,
910,86823908,josedolz,LiviaNET,https://github.com/josedolz/LiviaNET, ,,
912,576345374,NVIDIA,Deep-Learning-Accelerator-SW,https://github.com/NVIDIA/Deep-Learning-Accelerator-SW, ,,
913,627370120,Ai-trainee,Traffic-Sign-Recognition-PyQt5-YOLOv5-GUI,https://github.com/Ai-trainee/Traffic-Sign-Recognition-PyQt5-YOLOv5-GUI, ,,
914,625877890,calpt,awesome-adapter-resources,https://github.com/calpt/awesome-adapter-resources, ,,
915,773647752,liutaocode,TTS-arxiv-daily,https://github.com/liutaocode/TTS-arxiv-daily, ,,
916,520147649,Altaheri,EEG-ATCNet,https://github.com/Altaheri/EEG-ATCNet, ,,
917,420896774,felipemaiapolo,legalnlp,https://github.com/felipemaiapolo/legalnlp, ,,
918,138773520,ale152,muvilab,https://github.com/ale152/muvilab, ,,
919,114022429,sigsep,sigsep-mus-db,https://github.com/sigsep/sigsep-mus-db, ,,
920,98341282,aws-samples,lambda-refarch-image-moderation-chatbot,https://github.com/aws-samples/lambda-refarch-image-moderation-chatbot, ,,
921,631174022,OpenGSL,OpenGSL,https://github.com/OpenGSL/OpenGSL, ,,
922,176414497,ChaofWang,AWSRN,https://github.com/ChaofWang/AWSRN, ,,
923,434978636,paulveillard,cybersecurity,https://github.com/paulveillard/cybersecurity, ,,
924,6820956,mahmoud,clastic,https://github.com/mahmoud/clastic, ,,
925,122766790,utayao,Atten_Deep_MIL,https://github.com/utayao/Atten_Deep_MIL, ,,
926,578705967,FourthBrain,FastAPI-for-Machine-Learning-Live-Demo,https://github.com/FourthBrain/FastAPI-for-Machine-Learning-Live-Demo, ,,
927,465408966,renatoviolin,bg-remove-augment,https://github.com/renatoviolin/bg-remove-augment, ,,
928,270215641,TimoStoff,event_utils,https://github.com/TimoStoff/event_utils, ,,
929,257248193,ertis-research,kafka-ml,https://github.com/ertis-research/kafka-ml, ,,
930,69646676,anantzoid,VQA-Keras-Visual-Question-Answering,https://github.com/anantzoid/VQA-Keras-Visual-Question-Answering, ,,
932,358113748,nadeemlab,DeepLIIF,https://github.com/nadeemlab/DeepLIIF, ,,
933,152370116,Zhenye-Na,image-similarity-using-deep-ranking,https://github.com/Zhenye-Na/image-similarity-using-deep-ranking, ,,
934,215127881,microsoft,MT-DNN,https://github.com/microsoft/MT-DNN, ,,
935,94588639,neuronets,nobrainer,https://github.com/neuronets/nobrainer, ,,
936,526274994,AIRI-Institute,nablaDFT,https://github.com/AIRI-Institute/nablaDFT, ,,
937,204591668,TF2-Engine,TF2,https://github.com/TF2-Engine/TF2, ,,
939,165292138,apache,incubator-datalab,https://github.com/apache/incubator-datalab, ,,
940,780202616,TimSong412,2D-surfel-gaussian,https://github.com/TimSong412/2D-surfel-gaussian, ,,
941,433356166,foivospar,NED,https://github.com/foivospar/NED, ,,
942,342691278,mlcommons,GaNDLF,https://github.com/mlcommons/GaNDLF, ,,
943,561364034,IBM,simulai,https://github.com/IBM/simulai, ,,
944,319386916,zhuyitan,IGTD,https://github.com/zhuyitan/IGTD, ,,
945,322303945,fartuk,ml_investment,https://github.com/fartuk/ml_investment, ,,
946,688046236,zjunlp,KnowAgent,https://github.com/zjunlp/KnowAgent, ,,
947,234321181,deepsphere,deepsphere-pytorch,https://github.com/deepsphere/deepsphere-pytorch, ,,
948,710529776,aws-samples,amazon-bedrock-serverless-prompt-chaining,https://github.com/aws-samples/amazon-bedrock-serverless-prompt-chaining, ,,
949,186884699,microsoft,OpenKP,https://github.com/microsoft/OpenKP, ,,
950,255534210,DeepTrackAI,DeepTrack2,https://github.com/DeepTrackAI/DeepTrack2, ,,
951,392245702,alibaba,Curvature-Learning-Framework,https://github.com/alibaba/Curvature-Learning-Framework, ,,
952,202623912,huawei-noah,BGCN,https://github.com/huawei-noah/BGCN, ,,
953,197182459,PacktPublishing,hands-on-music-generation-with-magenta,https://github.com/PacktPublishing/hands-on-music-generation-with-magenta, ,,
954,528319267,Crunch-UQ4MI,neuraluq,https://github.com/Crunch-UQ4MI/neuraluq, ,,
955,263089652,flyywh,CVPR-2020-Semi-Low-Light,https://github.com/flyywh/CVPR-2020-Semi-Low-Light, ,,
956,285529340,kaapana,kaapana,https://github.com/kaapana/kaapana, ,,
957,308883586,FootballAnalysis,footballanalysis,https://github.com/FootballAnalysis/footballanalysis, ,,
958,97382757,auDeep,auDeep,https://github.com/auDeep/auDeep, ,,
959,153808437,hubertjb,dl-eeg-review,https://github.com/hubertjb/dl-eeg-review, ,,
960,260176747,bennylp,RL-Taxonomy,https://github.com/bennylp/RL-Taxonomy, ,,
961,258586807,JingyunLiang,FKP,https://github.com/JingyunLiang/FKP, ,,
962,767923232,nicobrenner,commandjobs,https://github.com/nicobrenner/commandjobs, ,,
963,677947508,SUFE-AIFLM-Lab,FinEval,https://github.com/SUFE-AIFLM-Lab/FinEval, ,,
964,218515132,xingyul,meteornet,https://github.com/xingyul/meteornet, ,,
965,297911754,arrival-ltd,catalyst-rl-tutorial,https://github.com/arrival-ltd/catalyst-rl-tutorial, ,,
966,217319845,doonny,basic_knowledge,https://github.com/doonny/basic_knowledge, ,,
967,106576650,baiwenjia,ukbb_cardiac,https://github.com/baiwenjia/ukbb_cardiac, ,,
968,428311592,thomashirtz,notion-scholar,https://github.com/thomashirtz/notion-scholar, ,,
969,425414195,FreshAirTonight,af2complex,https://github.com/FreshAirTonight/af2complex, ,,
970,727325998,SebastianoMeneghin,sml-project-2023-manfredi-meneghin,https://github.com/SebastianoMeneghin/sml-project-2023-manfredi-meneghin, ,,
971,111208709,faroit,CountNet,https://github.com/faroit/CountNet, ,,
972,261775393,yas-sim,object-tracking-line-crossing-area-intrusion,https://github.com/yas-sim/object-tracking-line-crossing-area-intrusion, ,,
973,380702476,statusrank,XCurve,https://github.com/statusrank/XCurve, ,,
974,188953977,royerlab,aydin,https://github.com/royerlab/aydin, ,,
975,404703677,fredzzhang,upt,https://github.com/fredzzhang/upt, ,,
976,476148841,Mountchicken,Efficient-Deep-Learning,https://github.com/Mountchicken/Efficient-Deep-Learning, ,,
977,68630079,cangermueller,deepcpg,https://github.com/cangermueller/deepcpg, ,,
978,77628396,eubr-bigsea,py-st-dbscan,https://github.com/eubr-bigsea/py-st-dbscan, ,,
979,715777649,radekd91,inferno,https://github.com/radekd91/inferno, ,,
980,561198667,Xiaohan-Chen,transfer-learning-fault-diagnosis-pytorch,https://github.com/Xiaohan-Chen/transfer-learning-fault-diagnosis-pytorch, ,,
981,380949499,amirhosseinh77,JetsonYolo,https://github.com/amirhosseinh77/JetsonYolo, ,,
982,356979675,mikeroyal,OpenShift-Guide,https://github.com/mikeroyal/OpenShift-Guide, ,,
983,121372654,jackyko1991,vnet-tensorflow,https://github.com/jackyko1991/vnet-tensorflow, ,,
984,523138944,aneasystone,github-trending,https://github.com/aneasystone/github-trending, ,,
985,136517946,titipata,detecting-scientific-claim,https://github.com/titipata/detecting-scientific-claim, ,,
986,254032994,zilliztech,phantoscope,https://github.com/zilliztech/phantoscope, ,,
987,512140249,daveshap,HeuristicImperatives,https://github.com/daveshap/HeuristicImperatives, ,,
988,265277386,galliot-us,smart-social-distancing,https://github.com/galliot-us/smart-social-distancing, ,,
989,179319605,d2l-ai,d2l-ko,https://github.com/d2l-ai/d2l-ko, ,,
990,152731912,PacktPublishing,Python-Reinforcement-Learning-Projects,https://github.com/PacktPublishing/Python-Reinforcement-Learning-Projects, ,,
991,220392616,intra3d2019,IntrA,https://github.com/intra3d2019/IntrA, ,,
992,730745985,WenjieDu,Awesome_Imputation,https://github.com/WenjieDu/Awesome_Imputation, ,,
993,212592577,JohannesBuchner,UltraNest,https://github.com/JohannesBuchner/UltraNest, ,,
994,96272398,tingsu,Stoat,https://github.com/tingsu/Stoat, ,,
995,494157870,MetaSLAM,GPRS_Survey,https://github.com/MetaSLAM/GPRS_Survey, ,,
996,175957546,songhengyang,face_landmark_factory,https://github.com/songhengyang/face_landmark_factory, ,,
997,120989515,rk2900,DRSA,https://github.com/rk2900/DRSA, ,,
998,135966303,juefeix,pnn.pytorch,https://github.com/juefeix/pnn.pytorch, ,,
999,161771201,google-deepmind,lamb,https://github.com/google-deepmind/lamb, ,,
1000,735740004,EricLBuehler,xlora,https://github.com/EricLBuehler/xlora, ,,
1002,313682042,techge,PRE-list,https://github.com/techge/PRE-list, ,,
1003,200137728,nickbild,shaides,https://github.com/nickbild/shaides, ,,
1004,743533748,slavakurilyak,awesome-ai-agents,https://github.com/slavakurilyak/awesome-ai-agents, ,,
1005,804600851,mbodiai,embodied-agents,https://github.com/mbodiai/embodied-agents, ,,
1006,326245899,ignc-research,arena-rosnav,https://github.com/ignc-research/arena-rosnav, ,,
1007,83500892,ColinShaw,robotics-and-machine-vision-resources,https://github.com/ColinShaw/robotics-and-machine-vision-resources, ,,
1008,147645653,Alexander-H-Liu,UFDN,https://github.com/Alexander-H-Liu/UFDN, ,,
1009,272348074,liugang1234567,Gang-neuron,https://github.com/liugang1234567/Gang-neuron, ,,
1011,365608171,alexpapados,Physics-Informed-Deep-Learning-Solid-and-Fluid-Mechanics,https://github.com/alexpapados/Physics-Informed-Deep-Learning-Solid-and-Fluid-Mechanics, ,,
1012,125457130,zhuofupan,Tensorflow-Deep-Neural-Networks,https://github.com/zhuofupan/Tensorflow-Deep-Neural-Networks, ,,
1013,183363753,ivannz,cplxmodule,https://github.com/ivannz/cplxmodule, ,,
1014,181730902,vinojjayasundara,textcaps,https://github.com/vinojjayasundara/textcaps, ,,
1015,298564418,xitorch,xitorch,https://github.com/xitorch/xitorch, ,,
1016,390730203,Merck,BioPhi,https://github.com/Merck/BioPhi, ,,
1017,357008593,allegroai,clearml-serving,https://github.com/allegroai/clearml-serving, ,,
1018,138149178,cwerner,fastclass,https://github.com/cwerner/fastclass, ,,
1019,696068744,DUTIR-BioNLP,Taiyi-LLM,https://github.com/DUTIR-BioNLP/Taiyi-LLM, ,,
1020,90304747,Haoran-S,TSP-DNN,https://github.com/Haoran-S/TSP-DNN, ,,
