id,repo,owner
83222441,system-design-primer,donnemartin
21289110,awesome-python,vinta
21872392,awesome-machine-learning,josephmisiti
45723377,professional-programming,charlax
422274596,ColossalAI,hpcaitech
70905478,Deep-Learning-Papers-Reading-Roadmap,floodsung
162405963,gradio,gradio-app
145670234,mmdetection,open-mmlab
29749635,data-science-ipython-notebooks,donnemartin
42625970,labelImg,HumanSignal
65083316,Awesome-Linux-Software,luong-komorebi
106024057,pytorch_geometric,pyg-team
240315046,jina,jina-ai
149430917,recommenders,recommenders-team
629102662,LLaVA,haotian-liu
43425480,awesome-quant,wilsonfreitas
130474497,PyTorch-GAN,eriklindernoren
88285322,the-gan-zoo,hindupuravinash
135673451,nni,microsoft
130375797,dgl,dmlc
89846872,transferlearning,jindongwang
662028682,gaussian-splatting,graphdeco-inria
95817032,edgedb,edgedb
44104712,awesome-aws,donnemartin
92254860,pix2code,tonybeltramelli
365517762,External-Attention-pytorch,xmu-xiaoma666
478823173,DALLE2-pytorch,lucidrains
613731840,LLMSurvey,RUCAIBox
176982014,Megatron-LM,NVIDIA
7040500,falcon,falconry
21604505,awesome-scala,lauris
547806116,text-generation-inference,huggingface
125932201,ImageAI,OlafenwaMoses
191632914,hydra,facebookresearch
133717148,anomaly-detection-resources,yzhao062
201403923,deeplake,activeloopai
495587598,imagen-pytorch,lucidrains
151636194,server,triton-inference-server
273214029,PaddleGAN,PaddlePaddle
129815042,tianshou,thu-ml
342728683,cog,replicate
199509705,autogluon,autogluon
60626727,TensorLayer,tensorlayer
29439879,programming-talks,hellerve
788562361,corenet,apple
88444621,SerpentAI,SerpentAI
517552648,modelscope,modelscope
177023075,financial-machine-learning,firmai
101052455,Awesome-CoreML-Models,likedan
179728393,nlp-recipes,microsoft
243454957,DeepLearning,MingchaoZhu
164564630,Awesome-WAF,0xInfection
162015573,Github-Ranking,EvanLi
65851975,open_nsfw,yahoo
57182702,TopDeepLearning,aymericdamien
122896249,gluon-cv,dmlc
100464123,MMdnn,microsoft
23389271,pyAudioAnalysis,tyiannak
167349656,FATE,FederatedAI
327113050,DALLE-pytorch,lucidrains
181846371,nnUNet,MIC-DKFZ
278003645,mmpose,open-mmlab
157588610,torchdiffeq,rtqichen
299644773,WriteGPT,Turing-Project
80920452,deep_sort,nwojke
79848747,jwt_tool,ticarpi
43759462,DataSciencePython,ujjwalkarn
147583941,slither,crytic
194306461,DeepImage-an-Image-to-Image-technology,yuanxiaosc
113166974,scikit-opt,guofei9987
253975496,Resume-Matcher,srbhr
204734444,captum,pytorch
80492172,pointnet,charlesq34
646333922,ToolBench,OpenBMB
188584527,awesome-pretrained-chinese-nlp-models,lonePatient
164380611,deep-learning-roadmap,instillai
810449821,omniparse,adithya-s-k
111835796,ignite,pytorch
126897385,DeepLabCut,DeepLabCut
468601503,AI-Optimizer,TJU-DRL-LAB
306980630,x-transformers,lucidrains
332736941,nvitop,XuehaiPan
100249425,keras-retinanet,fizyr
42395733,awesome-iot,phodal
124800162,deep-person-reid,KaiyangZhou
259513732,PaddleRec,PaddlePaddle
534370412,GET3D,nv-tlabs
89074562,pytorch-cifar100,weiaicunzai
153097694,open_model_zoo,openvinotoolkit
510161994,software-papers,facundoolano
310027001,lightning-hydra-template,ashleve
223357324,CLUE,CLUEbenchmark
79584587,TensorFlowOnSpark,yahoo
266895706,awesome-mlops,kelvins
256262711,CS-Notes,huangrt01
189437648,SegLossOdyssey,JunMa11
97159209,Artificial-Intelligence-Deep-Learning-Machine-Learning-Tutorials,TarrySingh
186526115,dlrm,facebookresearch
625274957,ChatGLM-Efficient-Tuning,hiyouga
98565575,ReAgent,facebookresearch
327949189,doctr,mindee
617219182,ChatDoctor,Kent0n-Li
164046740,face.evoLVe,ZhaoJ9014
455982203,awesome-systematic-trading,paperswithbacktest
564082244,TrollStore-IPAs,swaggyP36000
390401992,Merlion,salesforce
325758114,RepVGG,DingXiaoH
85491050,tensorforce,tensorforce
143090423,DeepKE,zjunlp
88890801,SRGAN,tensorlayer
137962296,learn_math_fast,llSourcell
324336022,Complete-Placement-Preparation,anushka23g
144504350,Deep-Learning-Roadmap,astorfi
346188421,leafmap,opengeos
180372347,HRNet-Semantic-Segmentation,HRNet
385532537,towhee,towhee-io
825429436,Paints-UNDO,lllyasviel
124146367,siamese-triplet,adambielski
85847327,awesome-hand-pose-estimation,xinghaochen
153490452,a-PyTorch-Tutorial-to-Object-Detection,sgrvinod
321426168,deepsparse,neuralmagic
133867923,nlp-architect,IntelLabs
298980599,Surface-Defect-Detection,Charmve
72790118,awesome-hacking,jekil
537972211,mmyolo,open-mmlab
438303578,docarray,docarray
382787545,DI-engine,opendilab
215173055,TextAttack,QData
141209050,cloudgoat,RhinoSecurityLabs
86332745,GAN,yfeng95
233910136,ddsp,magenta
629789089,segment-geospatial,opengeos
91730359,professional-services,GoogleCloudPlatform
155518202,PocketFlow,Tencent
160251929,ranking,tensorflow
195106258,Book,SuperCV
673412924,swift,modelscope
202577283,Resemblyzer,resemble-ai
743460469,Vim,hustvl
396609706,CodeT5,salesforce
203677928,awesome-discord-communities,mhxion
104916606,gradient-checkpointing,cybertronai
148087762,evadb,georgia-tech-db
110852412,HighwayEnv,Farama-Foundation
19918845,High-Frequency-Trading-Model-with-IB,jamesmawm
162696927,UNet-family,ShawnBIT
118840360,rlkit,rail-berkeley
436510608,deepdoctection,deepdoctection
477570603,awesome-game-security,gmh5225
179401695,MinkowskiEngine,NVIDIA
369428935,torchgeo,microsoft
145761123,AIF360,Trusted-AI
186166778,awesome-decision-tree-papers,benedekrozemberczki
134691520,python-api-tesing,china-testing
174076842,3D-PointCloud,zhulf0804
6501727,byte-of-python,swaroopch
153077001,Awesome-AutoDL,D-X-Y
129936360,pennylane,PennyLaneAI
775822419,open-parse,Filimoa
161199191,awesome-sentence-embedding,Separius
779669964,aiXcoder-7B,aixcoder-plugin
170580540,numpyro,pyro-ppl
298459550,SSL4MIS,HiLab-git
178800521,CelebAMask-HQ,switchablenorms
371257414,Graphormer,microsoft
224148738,torchio,fepegar
370434931,image-to-latex,kingyiusuen
478484453,EasyNLP,alibaba
268292479,The-NLP-Pandect,ivan-bilan
369537808,AliceMind,alibaba
89960611,machine_learning_security,13o-bbr-bbq
108992863,deepvoice3_pytorch,r9y9
223495162,ogb,snap-stanford
357891182,mmgeneration,open-mmlab
80655163,3DUnetCNN,ellisdg
250979951,RecLearn,ZiyaoGeng
479118982,awesome-opensource-hardware,aolofsson
161322880,GeneticAlgorithmPython,ahmedfgad
146686946,Awesome-Image-Inpainting,zengyh1900
139912879,Text_Classification,kk7nc
53414649,deepgaze,mpatacchiola
69593303,CppCon2017,CppCon
179858671,pyslam,luigifreda
623751571,LVM,ytongbai
176315637,CogDL,THUDM
606266313,axlearn,apple
198412763,MedicalZooPytorch,black0017
106151231,OpenNE,thunlp
151904296,AIAlpha,VivekPa
280043130,graph4nlp,graph4ai
125444399,Top-Deep-Learning,mbadry1
167628014,chemprop,chemprop
112059219,handtracking,victordibia
137240967,PWC-Net,NVlabs
157896616,yake,LIAAD
89620113,BerryNet,DT42
182781810,nlp-journey,msgi
188821801,awesome-fraud-detection-papers,benedekrozemberczki
349947919,awesome-ml4co,Thinklab-SJTU
60142885,ml4a,ml4a
40656806,elephas,maxpumperla
191286408,PGL,PaddlePaddle
706012006,Linly-Talker,Kedreamix
393489989,Digital-Forensics-Guide,mikeroyal
113194336,CS231n-2017-Summary,mbadry1
646974749,Summer-2024-SWE-Internships,AlanChen4
267196339,awesome-self-supervised-gnn,ChandlerBang
263163293,big_transfer,google-research
190989157,TAADpapers,thunlp
147035039,entity-recognition-datasets,juand-r
394994747,finetuner,jina-ai
181388576,NeuronBlocks,microsoft
769149672,LLaVA-NeXT,LLaVA-VL
90050085,DLTK,DLTK
280026201,uncertainty-baselines,google
311379516,DataProfiler,capitalone
494658282,Awesome-FL,youngfish42
56639410,Dragonfire,DragonComputer
34814001,publications,trailofbits
675859069,Applio,IAHispano
206429675,AI,microsoft
293218224,Awesome-Deep-Learning-Papers-for-Search-Recommendation-Advertising,guyulongcs
227366838,awesome-normalizing-flows,janosh
101113923,PointCNN,yangyanli
225903949,PhiFlow,tum-pbs
102089807,Awesome-TensorFlow-Chinese,fendouai
290870599,qxresearch-event-1,qxresearch
204839594,HigherHRNet-Human-Pose-Estimation,HRNet
33984438,ESC-50,karolpiczak
292225878,PFLlib,TsingZ0
94945792,cli-apps,toolleeo
154900564,fastMRI,facebookresearch
199870084,Awesome-Multimodal-Research,Eurus-Holmes
429607784,pygod,pygod-team
174281291,conversational-datasets,PolyAI-LDN
65546193,retina-unet,orobix
324749860,awesome-colab-notebooks,amrzv
89568797,MobileNet-Caffe,shicai
97002861,pyswarms,ljvmiranda921
737696911,pywinassistant,a-real-ai
427079067,pypose,pypose
200645982,service-streamer,ShannonAI
109533627,deep_architecture_genealogy,hunkim
278384289,Category_Theory_Machine_Learning,bgavran
216756473,vision-based-robotic-grasping,GeorgeDu
160139764,softlearning,rail-berkeley
307191665,obsei,obsei
113516939,DCRNN,liyaguang
525251235,RecSysPapers,tangxyw
293036210,nlp-paper,DengBoCong
24829371,blocks,mila-iqia
334760721,self-attention-cv,The-AI-Summer
623499246,docker-prompt-generator,soulteary
198853610,SlimYOLOv3,PengyiZhang
154843614,training_extensions,openvinotoolkit
761236129,minisora,mini-sora
59907561,Fabrik,Cloud-CV
116226076,mastering-pycharm-course,talkpython
339353336,awesome-quincy-larson-emails,freeCodeCamp
135559956,eo-learn,sentinel-hub
296615591,around-dataengineering,abhishek-ch
396518665,Photogrammetry-Guide,mikeroyal
625876964,playground,open-mmlab
216051909,nfstream,nfstream
195163550,Res2Net-PretrainedModels,Res2Net
101236992,flow,flow-project
104710554,CRNN_Tensorflow,MaybeShewill-CV
182054091,keops,getkeops
180372680,HRNet-Facial-Landmark-Detection,HRNet
255074156,PixelLib,ayoolaolafenwa
110565580,gated-graph-neural-network-samples,microsoft
627261340,HuatuoGPT,FreedomIntelligence
57151909,deepmedic,deepmedic
181554939,videoflow,videoflow
65410692,synthetic-computer-vision,unrealcv
433516569,hyperstyle,yuval-alaluf
288539712,NVAE,NVlabs
547667434,LightZero,opendilab
186163475,awesome-gradient-boosting-papers,benedekrozemberczki
562036379,MedSegDiff,MedicineToken
192620864,plato-research-dialogue-system,uber-archive
108328408,deep_learning_and_the_game_of_go,maxpumperla
180518813,HRNet-Image-Classification,HRNet
109284053,workshop,openfaas
99671701,ncappzoo,movidius
81520737,devol,joeddav
104583244,s2cnn,jonkhler
96211155,gempy,gempy-project
411115408,nlp-tutorial,PKU-TANGENT
2038135,restricted-boltzmann-machines,echen
231077707,3D-Shape-Analysis-Paper-List,yinyunie
572620767,symbolicai,ExtensityAI
284780206,PyHealth,sunlabuiuc
114832696,EmoPy,thoughtworksarts
111204713,The-Spiral-Language,mrakgr
647754741,awesome-gpt-prompt-engineering,snwfdhmp
55444998,TF-recomm,songgc
171135219,deep-ctr-prediction,qiaoguan
686948172,ICCV-2023-Papers,DmitryRyumin
115538244,awesome-interpretable-machine-learning,lopusz
120153084,alfred,lucasjinreal
96006792,system-design-primer-zh-tw,kevingo
128145722,visual-pushing-grasping,andyzeng
237742797,deepdow,jankrepl
475477908,PyPOTS,WenjieDu
63911620,ROLO,Guanghan
473188634,concrete-ml,zama-ai
567281014,fortuna,awslabs
370646033,bagua,BaguaSys
139953476,deep-transfer-learning,easezyc
412126778,FuxiCTR,reczoo
322270485,graphtransformer,graphdeeplearning
211948492,baal,baal-org
141242285,cornac,PreferredAI
292165029,EasyTransfer,alibaba
243782399,USRNet,cszn
400528139,etna,tinkoff-ai
586233738,Burp-Suite-Certified-Practitioner-Exam-Study,botesjuan
236841928,aws-graviton-getting-started,aws
593782352,modulus,NVIDIA
247671009,mealpy,thieu1995
289523033,nlu,JohnSnowLabs
273667533,vega,huawei-noah
109418434,ad_examples,shubhomoydas
415020649,cv-arxiv-daily,Vincentqyw
748890475,mountaineer,piercefreeman
138102346,crypto-rl,sadighian
620082084,ChatGenTitle,WangRongsheng
500084281,ADBench,Minqi824
200759999,ACNet,DingXiaoH
163993394,TextClassification-Keras,ShawnyXiao
4830434,videocoreiv,hermanhermitage
74182569,kur,deepgram
394181860,PINNpapers,idrl-lab
106310629,CTCDecoder,githubharald
38389012,python-education,charlax
206839844,ThinkMatch,Thinklab-SJTU
314704349,PaddleHelix,PaddlePaddle
60138482,deeplift,kundajelab
395674127,awesome_lightweight_networks,murufeng
173234868,Image-Inpainting,geekyutao
665169534,Awesome-Game-Analysis,OTFCG
447136192,UniFormer,Sense-X
131947745,deep-active-learning,ej0cl6
233721276,WLASL,dxli94
67670269,mimic3-benchmarks,YerevaNN
192405566,ClusterGCN,benedekrozemberczki
146885631,pytorch-soft-actor-critic,pranz24
409216041,BirdNET-Analyzer,kahst
675887592,Navigation-Learning,LiZhengXiao99
431496624,Awesome-Deep-Graph-Clustering,yueliu1999
113267829,semseg,guanfuchen
92664599,Awesome-GANs,kozistr
71961530,Rewrite,kaonashi-tyc
147224878,schnetpack,atomistic-machine-learning
71506455,Sentiment-Analysis-Twitter,ayushoriginal
403829741,RocketQA,PaddlePaddle
151186173,kymatio,kymatio
136059268,NCRF,baidu-research
55712155,GRU4Rec,hidasib
714409040,multi-agent-postgres-data-analytics,disler
320460952,tinyml,mit-han-lab
51836040,top-starred-devs-and-repos-to-follow,StijnMiroslav
202476819,cs_books,AzatAI
185484668,lighttrack,Guanghan
37345937,ChIP-seq-analysis,crazyhottommy
125590460,LightNet,linksense
181688929,DexiNed,xavysp
128013461,web-scraping,je-suis-tm
203811620,cusignal,rapidsai
95964940,security-paper,firmianay
180826719,PointFlow,stevenygd
272108471,awesome-geospatial-companies,chrieke
284084737,open-aff,YimianDai
258124207,dgl-lifesci,awslabs
176374098,larq,larq
639490725,llmtools,kuleshov-group
249065239,learning3d,vinits5
223415751,DGFraud,safe-graph
193898092,PyRep,stepjam
154412076,ai-reference-models,intel
73790321,UCR_Time_Series_Classification_Deep_Learning_Baseline,cauchyturing
153133227,joeynmt,joeynmt
121932004,LSTM_RNN_Tutorials_with_Demo,omerbsezer
177415822,mindmeld,cisco
374368098,openspeech,openspeech-team
243942197,OpenAttack,thunlp
156307876,DeepCreamPy,liaoxiong3x
117385390,reinforcement-learning-algorithms,TianhongDai
248690852,DeepTables,DataCanvasIO
327025589,DenseMatching,PruneTruong
627240200,OpenBioMed,PharMolix
323426984,keras-unet-collection,yingkaisha
798932873,marker-api,adithya-s-k
326374508,awesome-theoretical-computer-science,mostafatouny
473506511,MetaSpore,meta-soul
162187816,boundary-loss,LIVIAETS
342885422,qiskit-machine-learning,qiskit-community
258477446,DiscoFaceGAN,microsoft
43489539,deeplearning4nlp-tutorial,UKPLab
205158640,FCGF,chrischoy
126902549,Trending-Deep-Learning,mbadry1
273564830,robustbench,RobustBench
191923503,openlib.cs,acmbpdc
64122944,dist-keras,cerndb
112321712,chainer-chemistry,chainer
114732346,cnn-facial-landmark,yinguobing
198997104,RLzoo,tensorlayer
313700156,SOREL-20M,sophos
102471571,Predictive-Maintenance-using-LSTM,umbertogriffo
411337492,wespeaker,wenet-e2e
293755225,opendr,opendr-eu
212275874,paz,oarriaga
177594519,FSA-Net,shamangary
236909723,ssqueezepy,OverLordGoldDragon
251697485,mimicry,kwotsin
51442999,cmd2,python-cmd2
91441209,scar,grycap
218481618,kospeech,sooftware
285743816,text-classification-surveys,xiaoqian19940510
164089752,Learning-OpenCV-4-Computer-Vision-with-Python-Third-Edition,PacktPublishing
119060297,cosine_metric_learning,nwojke
391777965,keras_cv_attention_models,leondgarse
388876833,NVFlare,NVIDIA
239436776,a-PyTorch-Tutorial-to-Super-Resolution,sgrvinod
351826770,MONAILabel,Project-MONAI
428599616,ymir,IndustryEssentials
175599901,masif,LPDI-EPFL
110142990,see,Bartzi
465182360,SparseInst,hustvl
316997159,featurewiz,AutoViML
133932110,Django-2-by-Example,PacktPublishing
93446064,rl-agents,eleurent
81897903,TensorFlow-Machine-Learning-Cookbook,PacktPublishing
130360032,NumPyCNN,ahmedfgad
444800849,OMML,njustkmg
130369068,DeepADoTS,KDD-OpenSource
269365590,DeepReg,DeepRegNet
63632527,MusicGenreClassification,mlachmish
169447021,pytorch-blender,cheind
61609586,deep-pwning,cchio
307342292,vectorhub,RelevanceAI
112776167,deepmatcher,anhaidgroup
241710430,deep-symbolic-optimization,dso-org
57242918,phillip,vladfi1
61393415,ner-lstm,monikkinom
266978147,Semantic-Segmentation-Loss-Functions,shruti-jadon
161854576,OpenVINO-YoloV3,PINTO0309
432768606,nuwa-pytorch,lucidrains
492079888,vidar,TRI-ML
198984224,Graph-Adversarial-Learning,EdisonLeeeee
251621744,Gradient-Centralization,Yonghongwei
434507886,TensorLayerX,tensorlayer
143866262,fire-detection-cnn,tobybreckon
165829628,mtl,ranandalon
157810638,esp-dl,espressif
207753171,Basic_CNNs_TensorFlow2,calmiLovesAI
390534061,efficient-gnns,chaitjo
479489097,torchopt,metaopt
130831822,FewShotWithoutForgetting,gidariss
137566726,GazeML,swook
103471501,honk,castorini
304958084,Machine-Learning-Guide,mikeroyal
37105160,Mastering-Python-for-Finance-source-codes,jamesmawm
161100560,rl_algorithms,medipixel
341569637,DRLib,kaixindelele
322350492,bayesian-torch,IntelLabs
288543036,People-Counting-in-Real-Time,saimj7
155687643,Hyperactive,SimonBlanke
181527837,Flappy-bird-deep-Q-learning-pytorch,uvipen
38272201,cnn-vis,jcjohnson
210873203,PaddleFL,PaddlePaddle
268875034,caliban,google
164441115,Hyperspectral-Classification,eecn
159827756,libfaceid,richmondu
115991064,natural-language-processing,khanhnamle1994
490954397,DXcam,ra1nty
411286643,Awesome-LongTailed-Learning,Vanint
472280519,img2table,xavctn
197865066,Amazing-Semantic-Segmentation,luyanger1799
56260814,rnn-from-scratch,gy910210
124290023,DeepForest,weecology
277973609,tmrl,trackmania-rl
235061629,Graph-Bert,jwzhanggy
180587550,tf2rl,keiohta
417322802,Awesome_Quadrupedal_Robots,curieuxjy
135140095,pcam,basveeling
66316247,Sequence-Semantic-Embedding,eBay
296572233,DatasetCondensation,VICO-UoE
251007070,Tetris-deep-Q-learning-pytorch,uvipen
230030615,Deep-Residual-Shrinkage-Networks,zhao62
283664242,LaMCTS,facebookresearch
301518776,amazon-braket-examples,amazon-braket
90730179,Code-Sleep-Python,prateekiiest
79776573,Artificial-Intelligence-with-Python,PacktPublishing
104973687,myia,mila-iqia
45847491,conjure-up,conjure-up
140302908,supervisely,supervisely
399905986,warp-drive,salesforce
451958645,SimCTG,yxuansu
655021836,HybridAGI,SynaLinks
770250365,edm2,NVlabs
60766913,Python-Machine-Learning-Cookbook,PacktPublishing
347129505,Laplace,aleximmer
728036480,Machine-Mindset,PKU-YuanGroup
276036730,pykale,pykale
503454474,mcunet,mit-han-lab
103804538,Deep-Learning-NLP,astorfi
708737761,SLAM-LLM,X-LANCE
604404340,awesome-instruction-learning,RenzeLou
654516474,awesome-industrial-protocols,Orange-Cyberdefense
114080451,FACSvatar,NumesSanguis
35744089,Diffusion-Probabilistic-Models,Sohl-Dickstein
665758053,attorch,BobMcDear
176126178,MedCAT,CogStack
167597323,DeepHyperX,nshaud
384007696,rPPG-Toolbox,ubicomplab
566277502,tiny-training,mit-han-lab
222242588,Visual-Tracking-Development,DavidZhangdw
58469159,poseidon,faucetsdn
112225649,arXausality,logangraham
86444372,deep-koalarization,baldassarreFe
80221082,DeepLearningStars,hunkim
256053482,imitation-learning,Kaixhin
141759344,fast_blind_video_consistency,phoenix104104
206366193,interpret-text,interpretml
138932139,airlab,airlab-unibas
211819061,CameraRadarFusionNet,TUMFTM
133702954,deepcell-tf,vanvalenlab
193556007,aries-cloudagent-python,hyperledger
217789312,resnet1d,hsd1503
405701498,FBCNN,jiaxi-jiang
228486057,wgpu-py,pygfx
760887878,persian-license-plate-recognition,truthofmatthew
252740567,robo-gym,jr-robotics
380978303,tennis-tracking,ArtLabss
230536199,UDTL,ZhaoZhibin
214425904,post-tuto-deployment,MarwanDebbiche
474895085,YLearn,DataCanvasIO
180458619,EdgeRealtimeVideoAnalytics,RedisGears
558512915,logai,salesforce
93170751,self-driving-truck,aleju
268833409,MuJoCo_RL_UR5,PaulDanielML
188738155,Generative-Adversarial-Networks-Roadmap,instillai
129458870,delft,kermitt2
667310297,DSCNet,YaoleiQi
636065294,bidara,nasa-petal
165284791,n2v,juglab
268110746,pyspark-cheatsheet,cartershanklin
252362426,Machine-Learning-is-ALL-You-Need,Skylark0924
158492042,Algorithms-Cheatsheet-Resources,starkblaze01
734082933,joytag,fpgaminer
139549274,neural-symbolic-machines,crazydonkey200
63731563,cinema4d-scripts,aturtur
68372055,product-nets,Atomu2014
717335443,ChatAnything,zhoudaquan
151057527,Mastering-OpenCV-4-with-Python,PacktPublishing
553272352,ModelAssistant,Seeed-Studio
202435057,DEODR,martinResearch
102517499,pycadl,pkmital
676498788,CVPR-2023-24-Papers,DmitryRyumin
139976933,MobileNet-SSD-RealSense,PINTO0309
112068682,CapsLayer,naturomics
476563942,lightweight-neural-architecture-search,alibaba
181565879,flownet3d,xingyul
106470718,CARN-pytorch,nmhkahn
470785220,TheVrMLEyeToolbox,SummerSigh
45596393,odl,odlgroup
370256849,DeepImageSearch,TechyNilesh
626498767,visual-med-alpaca,cambridgeltl
719239242,llm-sp,chawins
262516632,histolab,histolab
167996749,kubernetes-mlops,AlexIoannides
111998139,adeleine,SerialLain3170
219580162,ShadeSketch,qyzdao
500395165,torcheeg,torcheeg
569558428,autobound,google
169170694,papers,LyleMi
89934189,webcam-pix2pix-tensorflow,memo
218172200,PerceptualAudio,pranaymanocha
645659535,pytorch-attention,changzy00
762564236,PaintMixing,miciwan
237910884,UIED,MulongXie
54422317,svae,mattjj
103012489,LearningX,ankonzoid
334073193,FinRL_Podracer,AI4Finance-Foundation
255570866,ai-research-code,sony
154229754,DynamicGEM,palash1992
595728617,ask-fsdl,the-full-stack
388656262,torchrs,isaaccorley
175690975,RNAN,yulunzhang
373237225,RadImageNet,BMEII-AI
167119230,coral-cnn,Raschka-research-group
17085874,justified-variables,timvieira
503178978,EdgeNeXt,mmaaz60
410658471,ISP-Guide,mikeroyal
653852586,dreamsim,ssundaram21
299839059,neuralhydrology,neuralhydrology
124678941,realtime-yukarin,Hiroshiba
208021710,DeepHomography,JirongZhang
332524452,SeaLion,anish-lakkapragada
198203883,calibration-framework,EFS-OpenSource
291283941,Jarvis_AI,Dipeshpal
599531423,SinMDM,SinMDM
382052875,scalecast,mikekeith52
361631547,nn-Meter,microsoft
655836653,AirCtrl,pentilm
399194159,OpenWeedLocator,geezacoleman
291783473,PointContrast,facebookresearch
119879132,SCALE-Sim,ARM-software
105025738,tensorflow-GANs,TwistedW
341677886,deep-significance,Kaleidophon
77412963,image-compression-cnn,iamaaditya
329317418,xgboost-survival-embeddings,loft-br
501055406,modern-python-101,octallium
199644423,DeepRL_Algorithms,RITCHIEHuang
571772611,difflogic,Felix-Petersen
320592690,sparsify,neuralmagic
467369884,Differential-Privacy-Based-Federated-Learning,wenzhu23333
252220236,auton-survival,autonlab
102874853,uproot3,scikit-hep
130669425,lithops,lithops-cloud
673278147,ICASSP-2023-24-Papers,DmitryRyumin
242686959,denoise-imu-gyro,mbrossar
197976875,sciann,sciann
368468407,Infrared-Small-Target-Detection,YeRen123455
234117993,Resources-Allocation-in-The-Edge-Computing-Environment-Using-Reinforcement-Learning,davidtw0320
110871367,awesome-reproducible-research,leipzig
81988822,DeepChatModels,mckinziebrandon
494611862,fashion-clip,patrickjohncyh
103709988,accel-brain-code,accel-brain
91716856,Deep-Reinforcement-Learning-in-Stock-Trading,shenyichen105
575404625,skscope,abess-team
212333820,pyhpc-benchmarks,dionhaefner
208760208,ngransac,vislearn
653546706,PromptIR,va1shn9v
274447741,M3d-Cam,MECLabTUDA
413191694,Neuromorphic-Computing-Guide,mikeroyal
52731535,AgentNet,yandexdataschool
246486004,EQTransformer,smousavi05
163561169,RLcycle,cyoon1729
435921975,SAITS,WenjieDu
193679288,hatespeechdata,leondz
178459453,alf,HorizonRobotics
539045602,minimal-text-diffusion,madaan
33518425,pliers,PsychoinformaticsLab
226871160,Simple-IT-English,kkyon
471500104,ProphitBet-Soccer-Bets-Predictor,kochlisGit
152074068,Text_Matching,JepsonWong
276474742,deepparse,GRAAL-Research
53914628,hdDeepLearningStudy,mike-bowles
287060497,PixelSSL,ZHKKKe
222209282,BayesFlow,stefanradev93
321824602,legal-ml-datasets,neelguha
216583232,gym-electric-motor,upb-lea
379215623,Table-Pretraining,microsoft
90210350,depression-detect,kykiefer
221855943,geom-gcn,bingzhewei
416091141,recipes,facebookresearch
383025085,P3M,JizhiziLi
359149825,Online-3D-BPP-DRL,alexfrom0815
299520287,CEN,yikaiw
395051496,LibAUC,Optimization-AI
152933799,HFM,maziarraissi
413423049,AvatarPoser,eth-siplab
474736846,CosPlace,gmberton
180969461,id-card-detector,mesutpiskin
520154111,Awesome-Differential-Privacy-and-Meachine-Learning,JeffffffFu
557743180,Renate,awslabs
132808324,vel,MillionIntegrals
201498201,gobbli,RTIInternational
244249648,auto_LiRPA,Verified-Intelligence
198003221,DySAT,aravindsankar28
687329834,ArXivQA,taesiri
779225422,360zhinao,Qihoo360
683069767,motionagent,modelscope
319149352,PyNeuraLogic,LukasZahradnik
280574647,awesome-machine-learning-startups-berlin,jrieke
70620646,keras-transfer-learning-for-oxford102,Arsey
56966414,zotero-cli,jbaiter
768179945,MedMamba,YubiaoYue
93880900,CNN-from-Scratch,zishansami102
140664464,MDP-DP-RL,coverdrive
346398641,tensor_holography,liangs111
216525761,robotic-warehouse,semitable
156841423,semantic-embeddings,cvjena
49773298,websauna,websauna
274071592,Hypernets,DataCanvasIO
72523487,painters,inejc
104105715,HDLTex,kk7nc
337969557,maze,enlite-ai
226041990,PEDRA,aqeelanwar
814432322,ComfyUI-DeepFuze,SamKhoze
493386519,jetson_dla_tutorial,NVIDIA-AI-IOT
132565186,awesome-colour,colour-science
428104932,HyperTS,DataCanvasIO
136805886,TorchFusion,johnolafenwa
612857575,Python,sksalahuddin2828
125807618,Hands-On-Data-Structures-and-Algorithms-with-Python-Second-Edition,PacktPublishing
381250685,portal,datature
362618600,UQ360,IBM
77008142,word_prediction,Kyubyong
326423100,tajmeeaton,mobadarah
435803515,MMGEN-FaceStylor,open-mmlab
274197828,MindMaker,krumiaa
65836510,utilities,SpaceNetChallenge
670705110,modelscan,protectai
273761729,watsor,asmirnou
194094333,awesome-edge-machine-learning,Bisonai
161100612,DDLO,revenol
530347014,matgl,materialsvirtuallab
168174352,FaceQnet,javier-hernandezo
456899023,tlbook-code,jindongwang
279285516,K210,LZBUAV
62860862,GeoPyTool,GeoPyTool
616357923,MaskedDenoising,haoyuc
345085109,FastFlowNet,ltkong218
217803141,dl-with-bayes,team-approx-bayes
794901954,kanrl,riiswa
367420635,emblem,GoogleCloudPlatform
322486855,graph4nlp_literature,graph4ai
167374649,NeuralGenetic,ahmedfgad
174063977,driverlessai-recipes,h2oai
467552700,Machine-learning-roadmap-and-projects,h9-tect
215258192,Transfer-learning-materials,yuntaodu
309907547,Text_Style_Transfer_Survey,zhijing-jin
239420566,neuralet,galliot-us
292189702,crnn-pytorch,GitYCC
239925364,DeepCrack,qinnzou
80487145,deep-makeover,david-gpu
163911045,sentence-classification,lettergram
607384714,moseca,fabiogra
145973819,Fast_Portrait_Segmentation,lizhengwei1992
274012656,InterpretDL,PaddlePaddle
159589936,hand_detection,molyswu
83100910,NumpyDL,chaoming0625
397305555,project-azua,microsoft
194301252,SkyNet,TomG008
222138225,deepbots,aidudezzz
346478212,crimson,Karmaz95
217600327,clearml-agent,allegroai
532718427,SNN-Daily-Arxiv,SpikingChen
308324297,delora,leggedrobotics
663604762,sycamore,aryn-ai
177168929,arkouda,Bears-R-Us
439030255,CaptchaCracker,WooilJeong
485389413,LIHQ,johnGettings
626063658,voxelgpt,voxel51
373906555,sagemaker-huggingface-inference-toolkit,aws
94069754,FaceRec,vudung45
602291196,python_cn_resouce,china-testing
290538660,animal_papers,anl13
17055956,dmpbbo,stulp
311268879,SmartSim,CrayLabs
449395509,m3gnet,materialsvirtuallab
156815626,awesome-reinforcement-learning,tinyzqh
114777739,NNEF-Tools,KhronosGroup
293008596,malware_api_class,ocatak
281223572,Spring2021Internships,BaruYogesh
227850083,EfficientPose,daniegr
95010107,LRP_for_LSTM,ArrasL
531343118,End-to-end-DRL-for-FJSP,Lei-Kun
197671887,aerial_wildlife_detection,microsoft
664886106,Graph-LLM,CurryTang
125457670,donnemartin-system-design-primer,apollostary
594799308,dasp-pytorch,csteinmetz1
436458666,DCRN,yueliu1999
63874881,context2vec,orenmel
138535805,Text_Segmentation_Image_Inpainting,yu45020
141116665,php-interview-2018,sushengbuhuo
364467705,TMC,hanmenghan
79660456,neuroSummerSchools,PhABC
483841773,MetaAF,adobe-research
394865540,treex,cgarciae
118584899,Deep-Learning-for-Computer-Vision,PacktPublishing
197632932,Keras-FewShotLearning,few-shot-learning
102393178,awesome-lists,cuuupid
169952403,tfdiffeq,titu1994
192765042,object-detection-tensorrt-example,NVIDIA
385700649,hailo_model_zoo,hailo-ai
325279870,fastapi-template,99sbr
433331296,GammaGL,BUPT-GAMMA
492430884,Active-Learning-as-a-Service,HuaizhengZhang
175015102,frontalization,scaleway
551334980,3DFaceShop,junshutang
145316221,Face-Hallucination-Benchmark,junjun-jiang
339115897,momentumnet,michaelsdr
645260133,awesome-InteractiveNLP-papers,InteractiveNLP-Team
138141023,ncc,spcl
195252638,jetson,helmut-hoffer-von-ankershoffen
237138063,a-PyTorch-Tutorial-to-Transformers,sgrvinod
260499197,delta,nasa
186884083,MSMARCO-Question-Answering,microsoft
158708581,DANMF,benedekrozemberczki
728116762,TorchCP,ml-stat-Sustech
148348764,Attendance-using-Face,satinder147
752980890,sn-gamestate,SoccerNet
92530283,gcn_metric_learning,sk1712
359584591,alignn,usnistgov
616108497,jaxpruner,google-research
275455374,infinibatch,microsoft
100753000,poeai,nogilnick
226001942,EasyReinforcementLearning,alibaba
241414309,monolayout,manila95
226546106,deep_avsr,smeetrs
205170519,Tabulo,the-black-knight-01
645376002,DiffuScene,tangjiapeng
20361729,spinalcordtoolbox,spinalcordtoolbox
384517595,Image-Classification-PyTorch,Mayurji
246860724,CSIKit,Gi-z
232252842,FinancialVision,pecu
103049010,eyenet,gregwchase
285716269,findpapers,jonatasgrosman
210571107,rmsnorm,bzhangGo
823299258,DiskVectorIndex,cohere-ai
463146427,FLamby,owkin
106888772,astroNN,henrysky
650522461,PINNacle,i207M
107878597,Keras-VGG16-places365,GKalliatakis
212750895,Awesome-NAS,pzhren
152757117,DrugEx,XuhanLiu
70443214,mxnet_center_loss,YYuanAnyVision
74622643,ecs-deep-learning-workshop,aws-samples
154472226,CNN-Sentinel,jensleitloff
749432469,mlops-coding-course,MLOps-Courses
422220306,gpax,ziatdinovmax
275260076,DrRepair,michiyasunaga
186402534,ROS-Robotics-Projects-SecondEdition,PacktPublishing
84509464,EnglishSpeechUpsampler,jhetherly
24294717,ml,mazefeng
68116943,TensorFlow-in-a-Nutshell,camrongodbout
371452752,daily_arxiv,zhuwenxing
292764302,atomai,pycroscopy
418090129,DeepCore,PatrickZH
629473758,cs224n-win2223,floriankark
152713495,Ignareo-ISML-auto-voter,Hecate2
244386274,Deep-rPPG,terbed
392257931,HCFlow,JingyunLiang
333118339,pypop,Evolutionary-Intelligence
481368835,post-modern-stack,jacopotagliabue
640977678,awesome-mojo,ego
210607916,remo-python,rediscovery-io
189067098,ANTsPyNet,ANTsX
189198308,Deep-Drug-Coder,pcko1
266141010,PrivacyRaven,trailofbits
302409901,deep-rl-grasping,BarisYazici
467372077,TarDAL,JinyuanLiu-CV
65210444,faceTracking,samuel-code
582116295,yet-another-lightning-hydra-template,gorodnitskiy
130228042,weight_uncertainty,RobRomijnders
441591889,LAMDA-SSL,YGZWQZD
177214934,pyvacy,ChrisWaites
383203383,auto-tensorflow,rafiqhasan
202712434,Reinforcement-Learning-Algorithms-with-Python,PacktPublishing
430473960,DeepOnto,KRR-Oxford
411042315,UTNet,yhygao
140873172,gans-with-pytorch,ozanciga
559665137,Spectral-Graph-Survey,XGraph-Team
400247544,deep-burst-sr,goutamgmb
602149260,ProteinFlow,adaptyvbio
122900465,smart-zoneminder,goruck
449663716,Vehicle-tracking,duongcongnha
736208747,Blind-Motion-Deblurring-Survey,VisionVerse
349955945,DeepLM,hjwdzh
91196413,mongodb-for-python-developers,mikeckennedy
604480390,GOPS,Intelligent-Driving-Laboratory
283178799,BOML,dut-media-lab
744300294,LaBraM,935963004
60282449,journalism-syllabi,dannguyen
379979379,Recipe-Generation-from-Food-Image,navassherif98
293572361,DECIMER-Image_Transformer,Kohulan
561838723,genius,beyondguo
257647555,hybrid-cp-rl-solver,qcappart
109409681,adv_attack_capsnet,jsikyoon
89320002,Deep-Learning-with-TensorFlow,PacktPublishing
318884929,software-security-paper-list,AdaLogics
160387955,learning_to_sample,orendv
283227696,PyDPM,BoChenGroup
678626849,cuDLA-samples,NVIDIA-AI-IOT
421571276,pytod,yzhao062
245740191,FINDER,FFrankyy
97897312,Clairvoyante,aquaskyline
127424867,nlp-tensorflow,bzantium
130585797,AI_in_Medicine_Clinical_Imaging_Classification,llSourcell
77570323,tf-Faster-RCNN,kevinjliang
764711705,Large-Time-Series-Model,thuml
303378056,NATS-Bench,D-X-Y
688248662,nerf-arxiv-daily,wangqiannudt
107112612,multi-speaker-tacotron-tensorflow,GSByeon
584102226,torchyolo,kadirnar
154290121,gpFlappyBird,ShuhuaGao
85388920,system-design-primer-zh_CN,wwj718
636368696,XLB,Autodesk
115975187,LineDistiller,hepesu
635842710,pesto,SonyCSLParis
289750409,gail-airl-ppo.pytorch,toshikwa
208411348,Crack-Detection-and-Segmentation-Dataset-for-UAV-Inspection,KangchengLiu
643771590,MAGE,yafuly
3987171,odak,kaanaksit
465825076,cybersecurity,crcep
112718760,RobLearn,RoblabWh
180284680,Aspect-Based-Sentiment-Analysis,YZHANG1270
248772675,Deep-Learning-Audio-Application-From-Design-to-Deployment,musikalkemist
301351379,An-Application-of-Deep-Reinforcement-Learning-to-Algorithmic-Trading,ThibautTheate
501078780,deepALplus,SineZHAN
306213405,research,FederatedAI
230472480,PySimpleGUI-Photo-Colorizer,PySimpleGUI
202418694,DFireDataset,gaiasd
86823908,LiviaNET,josedolz
329090518,TENAS,VITA-Group
576345374,Deep-Learning-Accelerator-SW,NVIDIA
627370120,Traffic-Sign-Recognition-PyQt5-YOLOv5-GUI,Ai-trainee
625877890,awesome-adapter-resources,calpt
773647752,TTS-arxiv-daily,liutaocode
520147649,EEG-ATCNet,Altaheri
420896774,legalnlp,felipemaiapolo
138773520,muvilab,ale152
114022429,sigsep-mus-db,sigsep
98341282,lambda-refarch-image-moderation-chatbot,aws-samples
631174022,OpenGSL,OpenGSL
176414497,AWSRN,ChaofWang
434978636,cybersecurity,paulveillard
6820956,clastic,mahmoud
122766790,Atten_Deep_MIL,utayao
578705967,FastAPI-for-Machine-Learning-Live-Demo,FourthBrain
465408966,bg-remove-augment,renatoviolin
270215641,event_utils,TimoStoff
257248193,kafka-ml,ertis-research
69646676,VQA-Keras-Visual-Question-Answering,anantzoid
169649534,neural-imaging,pkorus
358113748,DeepLIIF,nadeemlab
152370116,image-similarity-using-deep-ranking,Zhenye-Na
215127881,MT-DNN,microsoft
94588639,nobrainer,neuronets
526274994,nablaDFT,AIRI-Institute
204591668,TF2,TF2-Engine
245058427,portrait-matting-unet-flask,leijue222
165292138,incubator-datalab,apache
780202616,2D-surfel-gaussian,TimSong412
433356166,NED,foivospar
342691278,GaNDLF,mlcommons
561364034,simulai,IBM
319386916,IGTD,zhuyitan
322303945,ml_investment,fartuk
688046236,KnowAgent,zjunlp
234321181,deepsphere-pytorch,deepsphere
710529776,amazon-bedrock-serverless-prompt-chaining,aws-samples
186884699,OpenKP,microsoft
255534210,DeepTrack2,DeepTrackAI
392245702,Curvature-Learning-Framework,alibaba
202623912,BGCN,huawei-noah
197182459,hands-on-music-generation-with-magenta,PacktPublishing
528319267,neuraluq,Crunch-UQ4MI
263089652,CVPR-2020-Semi-Low-Light,flyywh
285529340,kaapana,kaapana
308883586,footballanalysis,FootballAnalysis
97382757,auDeep,auDeep
153808437,dl-eeg-review,hubertjb
260176747,RL-Taxonomy,bennylp
258586807,FKP,JingyunLiang
767923232,commandjobs,nicobrenner
677947508,FinEval,SUFE-AIFLM-Lab
218515132,meteornet,xingyul
297911754,catalyst-rl-tutorial,arrival-ltd
217319845,basic_knowledge,doonny
106576650,ukbb_cardiac,baiwenjia
428311592,notion-scholar,thomashirtz
425414195,af2complex,FreshAirTonight
727325998,sml-project-2023-manfredi-meneghin,SebastianoMeneghin
111208709,CountNet,faroit
261775393,object-tracking-line-crossing-area-intrusion,yas-sim
380702476,XCurve,statusrank
188953977,aydin,royerlab
404703677,upt,fredzzhang
476148841,Efficient-Deep-Learning,Mountchicken
68630079,deepcpg,cangermueller
77628396,py-st-dbscan,eubr-bigsea
715777649,inferno,radekd91
561198667,transfer-learning-fault-diagnosis-pytorch,Xiaohan-Chen
380949499,JetsonYolo,amirhosseinh77
356979675,OpenShift-Guide,mikeroyal
121372654,vnet-tensorflow,jackyko1991
523138944,github-trending,aneasystone
136517946,detecting-scientific-claim,titipata
254032994,phantoscope,zilliztech
512140249,HeuristicImperatives,daveshap
265277386,smart-social-distancing,galliot-us
179319605,d2l-ko,d2l-ai
152731912,Python-Reinforcement-Learning-Projects,PacktPublishing
220392616,IntrA,intra3d2019
730745985,Awesome_Imputation,WenjieDu
212592577,UltraNest,JohannesBuchner
96272398,Stoat,tingsu
494157870,GPRS_Survey,MetaSLAM
175957546,face_landmark_factory,songhengyang
120989515,DRSA,rk2900
135966303,pnn.pytorch,juefeix
161771201,lamb,google-deepmind
735740004,xlora,EricLBuehler
431976679,FocusOnDepth,antocad
313682042,PRE-list,techge
200137728,shaides,nickbild
743533748,awesome-ai-agents,slavakurilyak
804600851,embodied-agents,mbodiai
326245899,arena-rosnav,ignc-research
83500892,robotics-and-machine-vision-resources,ColinShaw
147645653,UFDN,Alexander-H-Liu
272348074,Gang-neuron,liugang1234567
165292565,python_audio_loading_benchmark,faroit
365608171,Physics-Informed-Deep-Learning-Solid-and-Fluid-Mechanics,alexpapados
125457130,Tensorflow-Deep-Neural-Networks,zhuofupan
183363753,cplxmodule,ivannz
181730902,textcaps,vinojjayasundara
298564418,xitorch,xitorch
390730203,BioPhi,Merck
357008593,clearml-serving,allegroai
138149178,fastclass,cwerner
696068744,Taiyi-LLM,DUTIR-BioNLP
90304747,TSP-DNN,Haoran-S
